"filename", "language", "Dotenv", "JavaScript", "JSON", "vue", "Markdown", "TypeScript", "MS SQL", "JSON with Comments", "HTML", "comment", "blank", "total"
"d:\CV\Project-Web-Real-Madrid-V2\backend\.env", "Dotenv", 33, 0, 0, 0, 0, 0, 0, 0, 0, 8, 11, 52
"d:\CV\Project-Web-Real-Madrid-V2\backend\config\db.js", "JavaScript", 0, 15, 0, 0, 0, 0, 0, 0, 0, 1, 4, 20
"d:\CV\Project-Web-Real-Madrid-V2\backend\docs\openapiSpec.json", "JSON", 0, 0, 1175, 0, 0, 0, 0, 0, 0, 0, 35, 1210
"d:\CV\Project-Web-Real-Madrid-V2\backend\package-lock.json", "JSON", 0, 0, 2324, 0, 0, 0, 0, 0, 0, 0, 1, 2325
"d:\CV\Project-Web-Real-Madrid-V2\backend\package.json", "JSON", 0, 0, 32, 0, 0, 0, 0, 0, 0, 0, 1, 33
"d:\CV\Project-Web-Real-Madrid-V2\backend\scripts\reconcile.cron.js", "JavaScript", 0, 12, 0, 0, 0, 0, 0, 0, 0, 1, 2, 15
"d:\CV\Project-Web-Real-Madrid-V2\backend\server.js", "JavaScript", 0, 6, 0, 0, 0, 0, 0, 0, 0, 1, 1, 8
"d:\CV\Project-Web-Real-Madrid-V2\backend\sql\database.sql", "MS SQL", 0, 0, 0, 0, 0, 0, 613, 0, 0, 113, 126, 852
"d:\CV\Project-Web-Real-Madrid-V2\backend\src\app.js", "JavaScript", 0, 91, 0, 0, 0, 0, 0, 0, 0, 12, 19, 122
"d:\CV\Project-Web-Real-Madrid-V2\backend\src\controllers\authcontroller.js", "JavaScript", 0, 64, 0, 0, 0, 0, 0, 0, 0, 1, 12, 77
"d:\CV\Project-Web-Real-Madrid-V2\backend\src\controllers\cartcontroller.js", "JavaScript", 0, 152, 0, 0, 0, 0, 0, 0, 0, 11, 18, 181
"d:\CV\Project-Web-Real-Madrid-V2\backend\src\controllers\highlightscontroller.js", "JavaScript", 0, 317, 0, 0, 0, 0, 0, 0, 0, 16, 48, 381
"d:\CV\Project-Web-Real-Madrid-V2\backend\src\controllers\matchescontroller.js", "JavaScript", 0, 220, 0, 0, 0, 0, 0, 0, 0, 13, 21, 254
"d:\CV\Project-Web-Real-Madrid-V2\backend\src\controllers\membershipscontroller.js", "JavaScript", 0, 37, 0, 0, 0, 0, 0, 0, 0, 2, 4, 43
"d:\CV\Project-Web-Real-Madrid-V2\backend\src\controllers\myticketscontroller.js", "JavaScript", 0, 23, 0, 0, 0, 0, 0, 0, 0, 1, 2, 26
"d:\CV\Project-Web-Real-Madrid-V2\backend\src\controllers\newscontroller.js", "JavaScript", 0, 136, 0, 0, 0, 0, 0, 0, 0, 66, 21, 223
"d:\CV\Project-Web-Real-Madrid-V2\backend\src\controllers\orderscontroller.js", "JavaScript", 0, 561, 0, 0, 0, 0, 0, 0, 0, 36, 79, 676
"d:\CV\Project-Web-Real-Madrid-V2\backend\src\controllers\paymentscontroller.js", "JavaScript", 0, 269, 0, 0, 0, 0, 0, 0, 0, 8, 28, 305
"d:\CV\Project-Web-Real-Madrid-V2\backend\src\controllers\playerscontroller.js", "JavaScript", 0, 372, 0, 0, 0, 0, 0, 0, 0, 28, 47, 447
"d:\CV\Project-Web-Real-Madrid-V2\backend\src\controllers\productscontroller.js", "JavaScript", 0, 167, 0, 0, 0, 0, 0, 0, 0, 5, 17, 189
"d:\CV\Project-Web-Real-Madrid-V2\backend\src\controllers\ticketorderscontroller.js", "JavaScript", 0, 323, 0, 0, 0, 0, 0, 0, 0, 34, 34, 391
"d:\CV\Project-Web-Real-Madrid-V2\backend\src\controllers\ticketscontroller.js", "JavaScript", 0, 109, 0, 0, 0, 0, 0, 0, 0, 1, 8, 118
"d:\CV\Project-Web-Real-Madrid-V2\backend\src\controllers\uploadcontroller.js", "JavaScript", 0, 16, 0, 0, 0, 0, 0, 0, 0, 3, 5, 24
"d:\CV\Project-Web-Real-Madrid-V2\backend\src\controllers\userscontroller.js", "JavaScript", 0, 155, 0, 0, 0, 0, 0, 0, 0, 18, 25, 198
"d:\CV\Project-Web-Real-Madrid-V2\backend\src\jobs\housekeeping.js", "JavaScript", 0, 36, 0, 0, 0, 0, 0, 0, 0, 4, 4, 44
"d:\CV\Project-Web-Real-Madrid-V2\backend\src\lib\mailer.js", "JavaScript", 0, 53, 0, 0, 0, 0, 0, 0, 0, 1, 7, 61
"d:\CV\Project-Web-Real-Madrid-V2\backend\src\middleware\authmiddleware.js", "JavaScript", 0, 21, 0, 0, 0, 0, 0, 0, 0, 1, 4, 26
"d:\CV\Project-Web-Real-Madrid-V2\backend\src\middleware\uploadMulter.js", "JavaScript", 0, 48, 0, 0, 0, 0, 0, 0, 0, 2, 7, 57
"d:\CV\Project-Web-Real-Madrid-V2\backend\src\routes\admin.cashback.js", "JavaScript", 0, 83, 0, 0, 0, 0, 0, 0, 0, 5, 6, 94
"d:\CV\Project-Web-Real-Madrid-V2\backend\src\routes\admin.reconcile.js", "JavaScript", 0, 23, 0, 0, 0, 0, 0, 0, 0, 1, 5, 29
"d:\CV\Project-Web-Real-Madrid-V2\backend\src\routes\admin.refund.js", "JavaScript", 0, 41, 0, 0, 0, 0, 0, 0, 0, 2, 5, 48
"d:\CV\Project-Web-Real-Madrid-V2\backend\src\routes\admin.wallet.js", "JavaScript", 0, 108, 0, 0, 0, 0, 0, 0, 0, 6, 15, 129
"d:\CV\Project-Web-Real-Madrid-V2\backend\src\routes\auth.js", "JavaScript", 0, 6, 0, 0, 0, 0, 0, 0, 0, 4, 4, 14
"d:\CV\Project-Web-Real-Madrid-V2\backend\src\routes\cart.js", "JavaScript", 0, 9, 0, 0, 0, 0, 0, 0, 0, 2, 3, 14
"d:\CV\Project-Web-Real-Madrid-V2\backend\src\routes\highlights.js", "JavaScript", 0, 22, 0, 0, 0, 0, 0, 0, 0, 3, 5, 30
"d:\CV\Project-Web-Real-Madrid-V2\backend\src\routes\matches.js", "JavaScript", 0, 17, 0, 0, 0, 0, 0, 0, 0, 4, 4, 25
"d:\CV\Project-Web-Real-Madrid-V2\backend\src\routes\memberships.js", "JavaScript", 0, 8, 0, 0, 0, 0, 0, 0, 0, 3, 5, 16
"d:\CV\Project-Web-Real-Madrid-V2\backend\src\routes\misc.js", "JavaScript", 0, 24, 0, 0, 0, 0, 0, 0, 0, 0, 4, 28
"d:\CV\Project-Web-Real-Madrid-V2\backend\src\routes\mytickets.js", "JavaScript", 0, 6, 0, 0, 0, 0, 0, 0, 0, 0, 3, 9
"d:\CV\Project-Web-Real-Madrid-V2\backend\src\routes\news.js", "JavaScript", 0, 12, 0, 0, 0, 0, 0, 0, 0, 3, 6, 21
"d:\CV\Project-Web-Real-Madrid-V2\backend\src\routes\notifications.js", "JavaScript", 0, 32, 0, 0, 0, 0, 0, 0, 0, 4, 6, 42
"d:\CV\Project-Web-Real-Madrid-V2\backend\src\routes\orders.admin.js", "JavaScript", 0, 104, 0, 0, 0, 0, 0, 0, 0, 5, 15, 124
"d:\CV\Project-Web-Real-Madrid-V2\backend\src\routes\orders.js", "JavaScript", 0, 19, 0, 0, 0, 0, 0, 0, 0, 7, 6, 32
"d:\CV\Project-Web-Real-Madrid-V2\backend\src\routes\payments.js", "JavaScript", 0, 9, 0, 0, 0, 0, 0, 0, 0, 4, 4, 17
"d:\CV\Project-Web-Real-Madrid-V2\backend\src\routes\players.js", "JavaScript", 0, 14, 0, 0, 0, 0, 0, 0, 0, 3, 3, 20
"d:\CV\Project-Web-Real-Madrid-V2\backend\src\routes\products.js", "JavaScript", 0, 16, 0, 0, 0, 0, 0, 0, 0, 5, 6, 27
"d:\CV\Project-Web-Real-Madrid-V2\backend\src\routes\ticketorders.js", "JavaScript", 0, 9, 0, 0, 0, 0, 0, 0, 0, 3, 4, 16
"d:\CV\Project-Web-Real-Madrid-V2\backend\src\routes\tickets.js", "JavaScript", 0, 15, 0, 0, 0, 0, 0, 0, 0, 3, 4, 22
"d:\CV\Project-Web-Real-Madrid-V2\backend\src\routes\upload.js", "JavaScript", 0, 20, 0, 0, 0, 0, 0, 0, 0, 3, 6, 29
"d:\CV\Project-Web-Real-Madrid-V2\backend\src\routes\users.js", "JavaScript", 0, 13, 0, 0, 0, 0, 0, 0, 0, 3, 4, 20
"d:\CV\Project-Web-Real-Madrid-V2\backend\src\routes\users.profile.js", "JavaScript", 0, 45, 0, 0, 0, 0, 0, 0, 0, 4, 7, 56
"d:\CV\Project-Web-Real-Madrid-V2\backend\src\routes\wallet.js", "JavaScript", 0, 143, 0, 0, 0, 0, 0, 0, 0, 7, 13, 163
"d:\CV\Project-Web-Real-Madrid-V2\backend\src\services\membership.js", "JavaScript", 0, 145, 0, 0, 0, 0, 0, 0, 0, 21, 25, 191
"d:\CV\Project-Web-Real-Madrid-V2\backend\src\services\payments.js", "JavaScript", 0, 64, 0, 0, 0, 0, 0, 0, 0, 9, 9, 82
"d:\CV\Project-Web-Real-Madrid-V2\backend\src\services\ticket.js", "JavaScript", 0, 21, 0, 0, 0, 0, 0, 0, 0, 1, 4, 26
"d:\CV\Project-Web-Real-Madrid-V2\backend\src\services\wallet.js", "JavaScript", 0, 1010, 0, 0, 0, 0, 0, 0, 0, 107, 129, 1246
"d:\CV\Project-Web-Real-Madrid-V2\backend\src\utils\ffmpeg.js", "JavaScript", 0, 56, 0, 0, 0, 0, 0, 0, 0, 8, 7, 71
"d:\CV\Project-Web-Real-Madrid-V2\backend\src\utils\validators.js", "JavaScript", 0, 0, 0, 0, 0, 0, 0, 0, 0, 0, 1, 1
"d:\CV\Project-Web-Real-Madrid-V2\backend\uploads\hls\hls_10_1759837600286\segment_000.ts", "TypeScript", 0, 0, 0, 0, 0, 13176, 0, 0, 0, 3946, 34, 17156
"d:\CV\Project-Web-Real-Madrid-V2\backend\uploads\hls\hls_10_1759837600286\segment_001.ts", "TypeScript", 0, 0, 0, 0, 0, 5916, 0, 0, 0, 1294, 19, 7229
"d:\CV\Project-Web-Real-Madrid-V2\backend\uploads\hls\hls_10_1759837600286\segment_002.ts", "TypeScript", 0, 0, 0, 0, 0, 17740, 0, 0, 0, 5127, 70, 22937
"d:\CV\Project-Web-Real-Madrid-V2\backend\uploads\hls\hls_10_1759837600286\segment_003.ts", "TypeScript", 0, 0, 0, 0, 0, 15669, 0, 0, 0, 3592, 38, 19299
"d:\CV\Project-Web-Real-Madrid-V2\backend\uploads\hls\hls_10_1759837600286\segment_004.ts", "TypeScript", 0, 0, 0, 0, 0, 13050, 0, 0, 0, 3961, 39, 17050
"d:\CV\Project-Web-Real-Madrid-V2\backend\uploads\hls\hls_10_1759837600286\segment_005.ts", "TypeScript", 0, 0, 0, 0, 0, 12111, 0, 0, 0, 2589, 43, 14743
"d:\CV\Project-Web-Real-Madrid-V2\backend\uploads\hls\hls_10_1759837600286\segment_006.ts", "TypeScript", 0, 0, 0, 0, 0, 14172, 0, 0, 0, 4347, 52, 18571
"d:\CV\Project-Web-Real-Madrid-V2\backend\uploads\hls\hls_10_1759837600286\segment_007.ts", "TypeScript", 0, 0, 0, 0, 0, 17026, 0, 0, 0, 6236, 57, 23319
"d:\CV\Project-Web-Real-Madrid-V2\backend\uploads\hls\hls_10_1759837600286\segment_008.ts", "TypeScript", 0, 0, 0, 0, 0, 9717, 0, 0, 0, 4600, 29, 14346
"d:\CV\Project-Web-Real-Madrid-V2\backend\uploads\hls\hls_10_1759837600286\segment_009.ts", "TypeScript", 0, 0, 0, 0, 0, 16015, 0, 0, 0, 5378, 58, 21451
"d:\CV\Project-Web-Real-Madrid-V2\backend\uploads\hls\hls_10_1759837600286\segment_010.ts", "TypeScript", 0, 0, 0, 0, 0, 2808, 0, 0, 0, 70, 11, 2889
"d:\CV\Project-Web-Real-Madrid-V2\backend\uploads\hls\hls_10_1759837600286\segment_011.ts", "TypeScript", 0, 0, 0, 0, 0, 10104, 0, 0, 0, 4029, 32, 14165
"d:\CV\Project-Web-Real-Madrid-V2\backend\uploads\hls\hls_10_1759837600286\segment_012.ts", "TypeScript", 0, 0, 0, 0, 0, 16757, 0, 0, 0, 5909, 55, 22721
"d:\CV\Project-Web-Real-Madrid-V2\backend\uploads\hls\hls_10_1759837600286\segment_013.ts", "TypeScript", 0, 0, 0, 0, 0, 13972, 0, 0, 0, 6324, 43, 20339
"d:\CV\Project-Web-Real-Madrid-V2\backend\uploads\hls\hls_10_1759837600286\segment_014.ts", "TypeScript", 0, 0, 0, 0, 0, 7094, 0, 0, 0, 3553, 38, 10685
"d:\CV\Project-Web-Real-Madrid-V2\backend\uploads\hls\hls_10_1759837600286\segment_015.ts", "TypeScript", 0, 0, 0, 0, 0, 9476, 0, 0, 0, 4070, 27, 13573
"d:\CV\Project-Web-Real-Madrid-V2\backend\uploads\hls\hls_10_1759837600286\segment_016.ts", "TypeScript", 0, 0, 0, 0, 0, 6949, 0, 0, 0, 798, 14, 7761
"d:\CV\Project-Web-Real-Madrid-V2\backend\uploads\hls\hls_10_1759837600286\segment_017.ts", "TypeScript", 0, 0, 0, 0, 0, 15031, 0, 0, 0, 5776, 53, 20860
"d:\CV\Project-Web-Real-Madrid-V2\backend\uploads\hls\hls_10_1759837600286\segment_018.ts", "TypeScript", 0, 0, 0, 0, 0, 2850, 0, 0, 0, 286, 13, 3149
"d:\CV\Project-Web-Real-Madrid-V2\backend\uploads\hls\hls_11_1759837633644\segment_000.ts", "TypeScript", 0, 0, 0, 0, 0, 10068, 0, 0, 0, 7275, 34, 17377
"d:\CV\Project-Web-Real-Madrid-V2\backend\uploads\hls\hls_11_1759837633644\segment_001.ts", "TypeScript", 0, 0, 0, 0, 0, 2791, 0, 0, 0, 4264, 15, 7070
"d:\CV\Project-Web-Real-Madrid-V2\backend\uploads\hls\hls_11_1759837633644\segment_002.ts", "TypeScript", 0, 0, 0, 0, 0, 19796, 0, 0, 0, 3499, 68, 23363
"d:\CV\Project-Web-Real-Madrid-V2\backend\uploads\hls\hls_11_1759837633644\segment_003.ts", "TypeScript", 0, 0, 0, 0, 0, 11578, 0, 0, 0, 7485, 43, 19106
"d:\CV\Project-Web-Real-Madrid-V2\backend\uploads\hls\hls_11_1759837633644\segment_004.ts", "TypeScript", 0, 0, 0, 0, 0, 14116, 0, 0, 0, 3034, 49, 17199
"d:\CV\Project-Web-Real-Madrid-V2\backend\uploads\hls\hls_11_1759837633644\segment_005.ts", "TypeScript", 0, 0, 0, 0, 0, 10031, 0, 0, 0, 4882, 31, 14944
"d:\CV\Project-Web-Real-Madrid-V2\backend\uploads\hls\hls_11_1759837633644\segment_006.ts", "TypeScript", 0, 0, 0, 0, 0, 11693, 0, 0, 0, 6646, 35, 18374
"d:\CV\Project-Web-Real-Madrid-V2\backend\uploads\hls\hls_11_1759837633644\segment_007.ts", "TypeScript", 0, 0, 0, 0, 0, 17262, 0, 0, 0, 5701, 67, 23030
"d:\CV\Project-Web-Real-Madrid-V2\backend\uploads\hls\hls_11_1759837633644\segment_008.ts", "TypeScript", 0, 0, 0, 0, 0, 11474, 0, 0, 0, 2583, 42, 14099
"d:\CV\Project-Web-Real-Madrid-V2\backend\uploads\hls\hls_11_1759837633644\segment_009.ts", "TypeScript", 0, 0, 0, 0, 0, 14689, 0, 0, 0, 6919, 40, 21648
"d:\CV\Project-Web-Real-Madrid-V2\backend\uploads\hls\hls_11_1759837633644\segment_010.ts", "TypeScript", 0, 0, 0, 0, 0, 1470, 0, 0, 0, 1320, 9, 2799
"d:\CV\Project-Web-Real-Madrid-V2\backend\uploads\hls\hls_11_1759837633644\segment_011.ts", "TypeScript", 0, 0, 0, 0, 0, 9241, 0, 0, 0, 4878, 34, 14153
"d:\CV\Project-Web-Real-Madrid-V2\backend\uploads\hls\hls_11_1759837633644\segment_012.ts", "TypeScript", 0, 0, 0, 0, 0, 14353, 0, 0, 0, 8433, 44, 22830
"d:\CV\Project-Web-Real-Madrid-V2\backend\uploads\hls\hls_11_1759837633644\segment_013.ts", "TypeScript", 0, 0, 0, 0, 0, 16453, 0, 0, 0, 3836, 58, 20347
"d:\CV\Project-Web-Real-Madrid-V2\backend\uploads\hls\hls_11_1759837633644\segment_014.ts", "TypeScript", 0, 0, 0, 0, 0, 8230, 0, 0, 0, 2184, 24, 10438
"d:\CV\Project-Web-Real-Madrid-V2\backend\uploads\hls\hls_11_1759837633644\segment_015.ts", "TypeScript", 0, 0, 0, 0, 0, 9945, 0, 0, 0, 3388, 31, 13364
"d:\CV\Project-Web-Real-Madrid-V2\backend\uploads\hls\hls_11_1759837633644\segment_016.ts", "TypeScript", 0, 0, 0, 0, 0, 5280, 0, 0, 0, 2371, 22, 7673
"d:\CV\Project-Web-Real-Madrid-V2\backend\uploads\hls\hls_11_1759837633644\segment_017.ts", "TypeScript", 0, 0, 0, 0, 0, 12382, 0, 0, 0, 8478, 36, 20896
"d:\CV\Project-Web-Real-Madrid-V2\backend\uploads\hls\hls_11_1759837633644\segment_018.ts", "TypeScript", 0, 0, 0, 0, 0, 2696, 0, 0, 0, 173, 13, 2882
"d:\CV\Project-Web-Real-Madrid-V2\backend\uploads\hls\hls_24_1761116566457\segment_000.ts", "TypeScript", 0, 0, 0, 0, 0, 16680, 0, 0, 0, 4530, 56, 21266
"d:\CV\Project-Web-Real-Madrid-V2\backend\uploads\hls\hls_24_1761116566457\segment_001.ts", "TypeScript", 0, 0, 0, 0, 0, 8719, 0, 0, 0, 7790, 35, 16544
"d:\CV\Project-Web-Real-Madrid-V2\backend\uploads\hls\hls_24_1761116566457\segment_002.ts", "TypeScript", 0, 0, 0, 0, 0, 4475, 0, 0, 0, 902, 14, 5391
"d:\CV\Project-Web-Real-Madrid-V2\backend\uploads\hls\hls_24_1761116566457\segment_003.ts", "TypeScript", 0, 0, 0, 0, 0, 7482, 0, 0, 0, 2729, 22, 10233
"d:\CV\Project-Web-Real-Madrid-V2\backend\uploads\hls\hls_24_1761116566457\segment_004.ts", "TypeScript", 0, 0, 0, 0, 0, 8332, 0, 0, 0, 3232, 33, 11597
"d:\CV\Project-Web-Real-Madrid-V2\backend\uploads\hls\hls_24_1761116566457\segment_005.ts", "TypeScript", 0, 0, 0, 0, 0, 13554, 0, 0, 0, 3819, 50, 17423
"d:\CV\Project-Web-Real-Madrid-V2\backend\uploads\hls\hls_24_1761116566457\segment_006.ts", "TypeScript", 0, 0, 0, 0, 0, 5122, 0, 0, 0, 2587, 26, 7735
"d:\CV\Project-Web-Real-Madrid-V2\backend\uploads\hls\hls_24_1761116566457\segment_007.ts", "TypeScript", 0, 0, 0, 0, 0, 16460, 0, 0, 0, 6595, 77, 23132
"d:\CV\Project-Web-Real-Madrid-V2\backend\uploads\hls\hls_24_1761116566457\segment_008.ts", "TypeScript", 0, 0, 0, 0, 0, 460, 0, 0, 0, 1740, 3, 2203
"d:\CV\Project-Web-Real-Madrid-V2\backend\uploads\hls\hls_24_1761116566457\segment_009.ts", "TypeScript", 0, 0, 0, 0, 0, 16590, 0, 0, 0, 3049, 53, 19692
"d:\CV\Project-Web-Real-Madrid-V2\backend\uploads\hls\hls_24_1761116566457\segment_010.ts", "TypeScript", 0, 0, 0, 0, 0, 5943, 0, 0, 0, 2710, 17, 8670
"d:\CV\Project-Web-Real-Madrid-V2\backend\uploads\hls\hls_24_1761116566457\segment_011.ts", "TypeScript", 0, 0, 0, 0, 0, 16047, 0, 0, 0, 4721, 57, 20825
"d:\CV\Project-Web-Real-Madrid-V2\backend\uploads\hls\hls_24_1761116566457\segment_012.ts", "TypeScript", 0, 0, 0, 0, 0, 13176, 0, 0, 0, 7221, 46, 20443
"d:\CV\Project-Web-Real-Madrid-V2\backend\uploads\hls\hls_24_1761116566457\segment_013.ts", "TypeScript", 0, 0, 0, 0, 0, 3515, 0, 0, 0, 1528, 10, 5053
"d:\CV\Project-Web-Real-Madrid-V2\backend\uploads\hls\hls_24_1761116566457\segment_014.ts", "TypeScript", 0, 0, 0, 0, 0, 14817, 0, 0, 0, 3038, 59, 17914
"d:\CV\Project-Web-Real-Madrid-V2\backend\uploads\hls\hls_24_1761116566457\segment_015.ts", "TypeScript", 0, 0, 0, 0, 0, 15143, 0, 0, 0, 5742, 54, 20939
"d:\CV\Project-Web-Real-Madrid-V2\backend\uploads\hls\hls_24_1761116566457\segment_016.ts", "TypeScript", 0, 0, 0, 0, 0, 14366, 0, 0, 0, 3164, 51, 17581
"d:\CV\Project-Web-Real-Madrid-V2\backend\uploads\hls\hls_24_1761116566457\segment_017.ts", "TypeScript", 0, 0, 0, 0, 0, 5705, 0, 0, 0, 3821, 21, 9547
"d:\CV\Project-Web-Real-Madrid-V2\backend\uploads\hls\hls_24_1761116566457\segment_018.ts", "TypeScript", 0, 0, 0, 0, 0, 13734, 0, 0, 0, 5108, 45, 18887
"d:\CV\Project-Web-Real-Madrid-V2\backend\uploads\hls\hls_24_1761116566457\segment_019.ts", "TypeScript", 0, 0, 0, 0, 0, 11682, 0, 0, 0, 2411, 44, 14137
"d:\CV\Project-Web-Real-Madrid-V2\backend\uploads\hls\hls_24_1761116566457\segment_020.ts", "TypeScript", 0, 0, 0, 0, 0, 16108, 0, 0, 0, 3937, 63, 20108
"d:\CV\Project-Web-Real-Madrid-V2\backend\uploads\hls\hls_24_1761116566457\segment_021.ts", "TypeScript", 0, 0, 0, 0, 0, 11183, 0, 0, 0, 9037, 40, 20260
"d:\CV\Project-Web-Real-Madrid-V2\backend\uploads\hls\hls_24_1761116566457\segment_022.ts", "TypeScript", 0, 0, 0, 0, 0, 9892, 0, 0, 0, 6094, 30, 16016
"d:\CV\Project-Web-Real-Madrid-V2\backend\uploads\hls\hls_24_1761116566457\segment_023.ts", "TypeScript", 0, 0, 0, 0, 0, 11741, 0, 0, 0, 2057, 43, 13841
"d:\CV\Project-Web-Real-Madrid-V2\backend\uploads\hls\hls_24_1761116566457\segment_024.ts", "TypeScript", 0, 0, 0, 0, 0, 4406, 0, 0, 0, 414, 17, 4837
"d:\CV\Project-Web-Real-Madrid-V2\backend\uploads\hls\hls_24_1761116566457\segment_025.ts", "TypeScript", 0, 0, 0, 0, 0, 16748, 0, 0, 0, 2414, 65, 19227
"d:\CV\Project-Web-Real-Madrid-V2\backend\uploads\hls\hls_24_1761116566457\segment_026.ts", "TypeScript", 0, 0, 0, 0, 0, 6479, 0, 0, 0, 1779, 19, 8277
"d:\CV\Project-Web-Real-Madrid-V2\backend\uploads\hls\hls_24_1761116566457\segment_027.ts", "TypeScript", 0, 0, 0, 0, 0, 15718, 0, 0, 0, 6975, 56, 22749
"d:\CV\Project-Web-Real-Madrid-V2\backend\uploads\hls\hls_24_1761116566457\segment_028.ts", "TypeScript", 0, 0, 0, 0, 0, 11347, 0, 0, 0, 5251, 39, 16637
"d:\CV\Project-Web-Real-Madrid-V2\backend\uploads\hls\hls_24_1761116566457\segment_029.ts", "TypeScript", 0, 0, 0, 0, 0, 3536, 0, 0, 0, 1780, 8, 5324
"d:\CV\Project-Web-Real-Madrid-V2\backend\uploads\hls\hls_24_1761116566457\segment_030.ts", "TypeScript", 0, 0, 0, 0, 0, 5392, 0, 0, 0, 1711, 15, 7118
"d:\CV\Project-Web-Real-Madrid-V2\backend\uploads\hls\hls_24_1761116566457\segment_031.ts", "TypeScript", 0, 0, 0, 0, 0, 11969, 0, 0, 0, 3523, 45, 15537
"d:\CV\Project-Web-Real-Madrid-V2\backend\uploads\hls\hls_24_1761116566457\segment_032.ts", "TypeScript", 0, 0, 0, 0, 0, 7142, 0, 0, 0, 2395, 21, 9558
"d:\CV\Project-Web-Real-Madrid-V2\backend\uploads\hls\hls_24_1761116566457\segment_033.ts", "TypeScript", 0, 0, 0, 0, 0, 3311, 0, 0, 0, 697, 17, 4025
"d:\CV\Project-Web-Real-Madrid-V2\backend\uploads\hls\hls_24_1761116566457\segment_034.ts", "TypeScript", 0, 0, 0, 0, 0, 11131, 0, 0, 0, 4332, 46, 15509
"d:\CV\Project-Web-Real-Madrid-V2\backend\uploads\hls\hls_24_1761116566457\segment_035.ts", "TypeScript", 0, 0, 0, 0, 0, 6673, 0, 0, 0, 4260, 20, 10953
"d:\CV\Project-Web-Real-Madrid-V2\backend\uploads\hls\hls_24_1761116566457\segment_036.ts", "TypeScript", 0, 0, 0, 0, 0, 3377, 0, 0, 0, 234, 4, 3615
"d:\CV\Project-Web-Real-Madrid-V2\backend\uploads\hls\hls_24_1761116566457\segment_037.ts", "TypeScript", 0, 0, 0, 0, 0, 13571, 0, 0, 0, 1172, 56, 14799
"d:\CV\Project-Web-Real-Madrid-V2\backend\uploads\hls\hls_24_1761116566457\segment_038.ts", "TypeScript", 0, 0, 0, 0, 0, 2731, 0, 0, 0, 2786, 13, 5530
"d:\CV\Project-Web-Real-Madrid-V2\backend\uploads\hls\hls_24_1761116566457\segment_039.ts", "TypeScript", 0, 0, 0, 0, 0, 8856, 0, 0, 0, 2746, 26, 11628
"d:\CV\Project-Web-Real-Madrid-V2\backend\uploads\hls\hls_24_1761116566457\segment_040.ts", "TypeScript", 0, 0, 0, 0, 0, 14962, 0, 0, 0, 6574, 50, 21586
"d:\CV\Project-Web-Real-Madrid-V2\backend\uploads\hls\hls_24_1761116566457\segment_041.ts", "TypeScript", 0, 0, 0, 0, 0, 3786, 0, 0, 0, 3902, 8, 7696
"d:\CV\Project-Web-Real-Madrid-V2\backend\uploads\hls\hls_24_1761116566457\segment_042.ts", "TypeScript", 0, 0, 0, 0, 0, 12618, 0, 0, 0, 3713, 48, 16379
"d:\CV\Project-Web-Real-Madrid-V2\backend\uploads\hls\hls_24_1761116566457\segment_043.ts", "TypeScript", 0, 0, 0, 0, 0, 3585, 0, 0, 0, 1783, 16, 5384
"d:\CV\Project-Web-Real-Madrid-V2\backend\uploads\hls\hls_24_1761116566457\segment_044.ts", "TypeScript", 0, 0, 0, 0, 0, 13484, 0, 0, 0, 6089, 57, 19630
"d:\CV\Project-Web-Real-Madrid-V2\backend\uploads\hls\hls_24_1761116566457\segment_045.ts", "TypeScript", 0, 0, 0, 0, 0, 9814, 0, 0, 0, 4837, 35, 14686
"d:\CV\Project-Web-Real-Madrid-V2\backend\uploads\hls\hls_24_1761116566457\segment_046.ts", "TypeScript", 0, 0, 0, 0, 0, 14430, 0, 0, 0, 3282, 51, 17763
"d:\CV\Project-Web-Real-Madrid-V2\backend\uploads\hls\hls_24_1761116566457\segment_047.ts", "TypeScript", 0, 0, 0, 0, 0, 1836, 0, 0, 0, 623, 9, 2468
"d:\CV\Project-Web-Real-Madrid-V2\backend\uploads\hls\hls_24_1761116566457\segment_048.ts", "TypeScript", 0, 0, 0, 0, 0, 6354, 0, 0, 0, 1527, 21, 7902
"d:\CV\Project-Web-Real-Madrid-V2\backend\uploads\hls\hls_24_1761116566457\segment_049.ts", "TypeScript", 0, 0, 0, 0, 0, 6686, 0, 0, 0, 4302, 22, 11010
"d:\CV\Project-Web-Real-Madrid-V2\backend\uploads\hls\hls_24_1761116566457\segment_050.ts", "TypeScript", 0, 0, 0, 0, 0, 12802, 0, 0, 0, 6958, 54, 19814
"d:\CV\Project-Web-Real-Madrid-V2\backend\uploads\hls\hls_24_1761116566457\segment_051.ts", "TypeScript", 0, 0, 0, 0, 0, 11190, 0, 0, 0, 6379, 34, 17603
"d:\CV\Project-Web-Real-Madrid-V2\backend\uploads\hls\hls_24_1761116566457\segment_052.ts", "TypeScript", 0, 0, 0, 0, 0, 10479, 0, 0, 0, 3697, 30, 14206
"d:\CV\Project-Web-Real-Madrid-V2\backend\uploads\hls\hls_24_1761116566457\segment_053.ts", "TypeScript", 0, 0, 0, 0, 0, 13747, 0, 0, 0, 4702, 42, 18491
"d:\CV\Project-Web-Real-Madrid-V2\backend\uploads\hls\hls_24_1761116566457\segment_054.ts", "TypeScript", 0, 0, 0, 0, 0, 8553, 0, 0, 0, 6656, 30, 15239
"d:\CV\Project-Web-Real-Madrid-V2\backend\uploads\hls\hls_24_1761116566457\segment_055.ts", "TypeScript", 0, 0, 0, 0, 0, 15085, 0, 0, 0, 4549, 56, 19690
"d:\CV\Project-Web-Real-Madrid-V2\backend\uploads\hls\hls_24_1761116566457\segment_056.ts", "TypeScript", 0, 0, 0, 0, 0, 13682, 0, 0, 0, 2367, 39, 16088
"d:\CV\Project-Web-Real-Madrid-V2\backend\uploads\hls\hls_24_1761116566457\segment_057.ts", "TypeScript", 0, 0, 0, 0, 0, 15049, 0, 0, 0, 2557, 48, 17654
"d:\CV\Project-Web-Real-Madrid-V2\backend\uploads\hls\hls_24_1761116566457\segment_058.ts", "TypeScript", 0, 0, 0, 0, 0, 18227, 0, 0, 0, 1442, 64, 19733
"d:\CV\Project-Web-Real-Madrid-V2\backend\uploads\hls\hls_24_1761116566457\segment_059.ts", "TypeScript", 0, 0, 0, 0, 0, 10372, 0, 0, 0, 2447, 37, 12856
"d:\CV\Project-Web-Real-Madrid-V2\backend\uploads\hls\hls_24_1761116566457\segment_060.ts", "TypeScript", 0, 0, 0, 0, 0, 12503, 0, 0, 0, 2812, 45, 15360
"d:\CV\Project-Web-Real-Madrid-V2\backend\uploads\hls\hls_24_1761116566457\segment_061.ts", "TypeScript", 0, 0, 0, 0, 0, 8849, 0, 0, 0, 4383, 39, 13271
"d:\CV\Project-Web-Real-Madrid-V2\backend\uploads\hls\hls_24_1761116566457\segment_062.ts", "TypeScript", 0, 0, 0, 0, 0, 3079, 0, 0, 0, 5363, 8, 8450
"d:\CV\Project-Web-Real-Madrid-V2\backend\uploads\hls\hls_24_1761116566457\segment_063.ts", "TypeScript", 0, 0, 0, 0, 0, 10643, 0, 0, 0, 5921, 32, 16596
"d:\CV\Project-Web-Real-Madrid-V2\backend\uploads\hls\hls_24_1761116566457\segment_064.ts", "TypeScript", 0, 0, 0, 0, 0, 13621, 0, 0, 0, 7792, 32, 21445
"d:\CV\Project-Web-Real-Madrid-V2\backend\uploads\hls\hls_24_1761116566457\segment_065.ts", "TypeScript", 0, 0, 0, 0, 0, 8067, 0, 0, 0, 3124, 29, 11220
"d:\CV\Project-Web-Real-Madrid-V2\backend\uploads\hls\hls_24_1761116566457\segment_066.ts", "TypeScript", 0, 0, 0, 0, 0, 7171, 0, 0, 0, 6066, 28, 13265
"d:\CV\Project-Web-Real-Madrid-V2\backend\uploads\hls\hls_24_1761116566457\segment_067.ts", "TypeScript", 0, 0, 0, 0, 0, 4417, 0, 0, 0, 2563, 15, 6995
"d:\CV\Project-Web-Real-Madrid-V2\backend\uploads\hls\hls_24_1761116566457\segment_068.ts", "TypeScript", 0, 0, 0, 0, 0, 5426, 0, 0, 0, 6227, 18, 11671
"d:\CV\Project-Web-Real-Madrid-V2\backend\uploads\hls\hls_24_1761116566457\segment_069.ts", "TypeScript", 0, 0, 0, 0, 0, 13964, 0, 0, 0, 8514, 52, 22530
"d:\CV\Project-Web-Real-Madrid-V2\backend\uploads\hls\hls_24_1761116566457\segment_070.ts", "TypeScript", 0, 0, 0, 0, 0, 11949, 0, 0, 0, 5002, 49, 17000
"d:\CV\Project-Web-Real-Madrid-V2\backend\uploads\hls\hls_24_1761116566457\segment_071.ts", "TypeScript", 0, 0, 0, 0, 0, 11662, 0, 0, 0, 3440, 48, 15150
"d:\CV\Project-Web-Real-Madrid-V2\backend\uploads\hls\hls_24_1761116566457\segment_072.ts", "TypeScript", 0, 0, 0, 0, 0, 9121, 0, 0, 0, 4354, 31, 13506
"d:\CV\Project-Web-Real-Madrid-V2\backend\uploads\hls\hls_24_1761116566457\segment_073.ts", "TypeScript", 0, 0, 0, 0, 0, 6087, 0, 0, 0, 4828, 15, 10930
"d:\CV\Project-Web-Real-Madrid-V2\backend\uploads\hls\hls_24_1761116566457\segment_074.ts", "TypeScript", 0, 0, 0, 0, 0, 6535, 0, 0, 0, 2480, 18, 9033
"d:\CV\Project-Web-Real-Madrid-V2\backend\uploads\hls\hls_24_1761116566457\segment_075.ts", "TypeScript", 0, 0, 0, 0, 0, 8437, 0, 0, 0, 1923, 35, 10395
"d:\CV\Project-Web-Real-Madrid-V2\backend\uploads\hls\hls_24_1761116566457\segment_076.ts", "TypeScript", 0, 0, 0, 0, 0, 13500, 0, 0, 0, 6171, 50, 19721
"d:\CV\Project-Web-Real-Madrid-V2\backend\uploads\hls\hls_24_1761116566457\segment_077.ts", "TypeScript", 0, 0, 0, 0, 0, 7125, 0, 0, 0, 2323, 26, 9474
"d:\CV\Project-Web-Real-Madrid-V2\backend\uploads\hls\hls_24_1761116566457\segment_078.ts", "TypeScript", 0, 0, 0, 0, 0, 13934, 0, 0, 0, 2181, 58, 16173
"d:\CV\Project-Web-Real-Madrid-V2\backend\uploads\hls\hls_24_1761116566457\segment_079.ts", "TypeScript", 0, 0, 0, 0, 0, 8139, 0, 0, 0, 3083, 25, 11247
"d:\CV\Project-Web-Real-Madrid-V2\backend\uploads\hls\hls_24_1761116566457\segment_080.ts", "TypeScript", 0, 0, 0, 0, 0, 5764, 0, 0, 0, 372, 21, 6157
"d:\CV\Project-Web-Real-Madrid-V2\backend\uploads\hls\hls_24_1761116566457\segment_081.ts", "TypeScript", 0, 0, 0, 0, 0, 12801, 0, 0, 0, 3204, 40, 16045
"d:\CV\Project-Web-Real-Madrid-V2\backend\uploads\hls\hls_24_1761116566457\segment_082.ts", "TypeScript", 0, 0, 0, 0, 0, 14498, 0, 0, 0, 4078, 41, 18617
"d:\CV\Project-Web-Real-Madrid-V2\backend\uploads\hls\hls_24_1761116566457\segment_083.ts", "TypeScript", 0, 0, 0, 0, 0, 11574, 0, 0, 0, 7376, 39, 18989
"d:\CV\Project-Web-Real-Madrid-V2\backend\uploads\hls\hls_24_1761116566457\segment_084.ts", "TypeScript", 0, 0, 0, 0, 0, 10850, 0, 0, 0, 1652, 41, 12543
"d:\CV\Project-Web-Real-Madrid-V2\backend\uploads\hls\hls_24_1761116566457\segment_085.ts", "TypeScript", 0, 0, 0, 0, 0, 10594, 0, 0, 0, 6424, 27, 17045
"d:\CV\Project-Web-Real-Madrid-V2\backend\uploads\hls\hls_24_1761116566457\segment_086.ts", "TypeScript", 0, 0, 0, 0, 0, 5498, 0, 0, 0, 2745, 17, 8260
"d:\CV\Project-Web-Real-Madrid-V2\backend\uploads\hls\hls_24_1761116566457\segment_087.ts", "TypeScript", 0, 0, 0, 0, 0, 4236, 0, 0, 0, 2212, 16, 6464
"d:\CV\Project-Web-Real-Madrid-V2\backend\uploads\hls\hls_24_1761116566457\segment_088.ts", "TypeScript", 0, 0, 0, 0, 0, 11290, 0, 0, 0, 1264, 35, 12589
"d:\CV\Project-Web-Real-Madrid-V2\backend\uploads\hls\hls_24_1761116566457\segment_089.ts", "TypeScript", 0, 0, 0, 0, 0, 6945, 0, 0, 0, 4922, 17, 11884
"d:\CV\Project-Web-Real-Madrid-V2\backend\uploads\hls\hls_24_1761116566457\segment_090.ts", "TypeScript", 0, 0, 0, 0, 0, 7010, 0, 0, 0, 6366, 31, 13407
"d:\CV\Project-Web-Real-Madrid-V2\backend\uploads\hls\hls_24_1761116566457\segment_091.ts", "TypeScript", 0, 0, 0, 0, 0, 12124, 0, 0, 0, 2377, 40, 14541
"d:\CV\Project-Web-Real-Madrid-V2\backend\uploads\hls\hls_24_1761116566457\segment_092.ts", "TypeScript", 0, 0, 0, 0, 0, 11015, 0, 0, 0, 3822, 32, 14869
"d:\CV\Project-Web-Real-Madrid-V2\backend\uploads\hls\hls_24_1761116566457\segment_093.ts", "TypeScript", 0, 0, 0, 0, 0, 15658, 0, 0, 0, 5173, 58, 20889
"d:\CV\Project-Web-Real-Madrid-V2\backend\uploads\hls\hls_24_1761116566457\segment_094.ts", "TypeScript", 0, 0, 0, 0, 0, 8852, 0, 0, 0, 3124, 29, 12005
"d:\CV\Project-Web-Real-Madrid-V2\backend\uploads\hls\hls_24_1761116566457\segment_095.ts", "TypeScript", 0, 0, 0, 0, 0, 9106, 0, 0, 0, 3196, 30, 12332
"d:\CV\Project-Web-Real-Madrid-V2\backend\uploads\hls\hls_24_1761116566457\segment_096.ts", "TypeScript", 0, 0, 0, 0, 0, 17432, 0, 0, 0, 4049, 65, 21546
"d:\CV\Project-Web-Real-Madrid-V2\backend\uploads\hls\hls_24_1761116566457\segment_097.ts", "TypeScript", 0, 0, 0, 0, 0, 10487, 0, 0, 0, 2720, 32, 13239
"d:\CV\Project-Web-Real-Madrid-V2\backend\uploads\hls\hls_24_1761116566457\segment_098.ts", "TypeScript", 0, 0, 0, 0, 0, 17477, 0, 0, 0, 4427, 55, 21959
"d:\CV\Project-Web-Real-Madrid-V2\backend\uploads\hls\hls_24_1761116566457\segment_099.ts", "TypeScript", 0, 0, 0, 0, 0, 4599, 0, 0, 0, 1852, 19, 6470
"d:\CV\Project-Web-Real-Madrid-V2\backend\uploads\hls\hls_24_1761116566457\segment_100.ts", "TypeScript", 0, 0, 0, 0, 0, 13509, 0, 0, 0, 5884, 39, 19432
"d:\CV\Project-Web-Real-Madrid-V2\backend\uploads\hls\hls_24_1761116566457\segment_101.ts", "TypeScript", 0, 0, 0, 0, 0, 3970, 0, 0, 0, 7, 19, 3996
"d:\CV\Project-Web-Real-Madrid-V2\backend\uploads\hls\hls_24_1761116566457\segment_102.ts", "TypeScript", 0, 0, 0, 0, 0, 5856, 0, 0, 0, 3450, 20, 9326
"d:\CV\Project-Web-Real-Madrid-V2\backend\uploads\hls\hls_24_1761116566457\segment_103.ts", "TypeScript", 0, 0, 0, 0, 0, 11331, 0, 0, 0, 697, 39, 12067
"d:\CV\Project-Web-Real-Madrid-V2\backend\uploads\hls\hls_24_1761116566457\segment_104.ts", "TypeScript", 0, 0, 0, 0, 0, 10107, 0, 0, 0, 5534, 31, 15672
"d:\CV\Project-Web-Real-Madrid-V2\backend\uploads\hls\hls_24_1761116566457\segment_105.ts", "TypeScript", 0, 0, 0, 0, 0, 6640, 0, 0, 0, 2430, 24, 9094
"d:\CV\Project-Web-Real-Madrid-V2\backend\uploads\hls\hls_24_1761116566457\segment_106.ts", "TypeScript", 0, 0, 0, 0, 0, 13991, 0, 0, 0, 3801, 59, 17851
"d:\CV\Project-Web-Real-Madrid-V2\backend\uploads\hls\hls_24_1761116566457\segment_107.ts", "TypeScript", 0, 0, 0, 0, 0, 7883, 0, 0, 0, 2101, 24, 10008
"d:\CV\Project-Web-Real-Madrid-V2\backend\uploads\hls\hls_24_1761116566457\segment_108.ts", "TypeScript", 0, 0, 0, 0, 0, 13700, 0, 0, 0, 3347, 55, 17102
"d:\CV\Project-Web-Real-Madrid-V2\backend\uploads\hls\hls_24_1761116566457\segment_109.ts", "TypeScript", 0, 0, 0, 0, 0, 9434, 0, 0, 0, 2717, 41, 12192
"d:\CV\Project-Web-Real-Madrid-V2\backend\uploads\hls\hls_24_1761116566457\segment_110.ts", "TypeScript", 0, 0, 0, 0, 0, 7739, 0, 0, 0, 4842, 21, 12602
"d:\CV\Project-Web-Real-Madrid-V2\backend\uploads\hls\hls_24_1761116566457\segment_111.ts", "TypeScript", 0, 0, 0, 0, 0, 7863, 0, 0, 0, 4717, 26, 12606
"d:\CV\Project-Web-Real-Madrid-V2\backend\uploads\hls\hls_24_1761116566457\segment_112.ts", "TypeScript", 0, 0, 0, 0, 0, 7868, 0, 0, 0, 2584, 37, 10489
"d:\CV\Project-Web-Real-Madrid-V2\backend\uploads\hls\hls_24_1761116566457\segment_113.ts", "TypeScript", 0, 0, 0, 0, 0, 6770, 0, 0, 0, 4730, 21, 11521
"d:\CV\Project-Web-Real-Madrid-V2\backend\uploads\hls\hls_24_1761116566457\segment_114.ts", "TypeScript", 0, 0, 0, 0, 0, 12737, 0, 0, 0, 1952, 40, 14729
"d:\CV\Project-Web-Real-Madrid-V2\backend\uploads\hls\hls_24_1761116566457\segment_115.ts", "TypeScript", 0, 0, 0, 0, 0, 14060, 0, 0, 0, 6630, 42, 20732
"d:\CV\Project-Web-Real-Madrid-V2\backend\uploads\hls\hls_24_1761116566457\segment_116.ts", "TypeScript", 0, 0, 0, 0, 0, 11647, 0, 0, 0, 5304, 36, 16987
"d:\CV\Project-Web-Real-Madrid-V2\backend\uploads\hls\hls_24_1761116566457\segment_117.ts", "TypeScript", 0, 0, 0, 0, 0, 3705, 0, 0, 0, 1659, 18, 5382
"d:\CV\Project-Web-Real-Madrid-V2\backend\uploads\hls\hls_24_1761116566457\segment_118.ts", "TypeScript", 0, 0, 0, 0, 0, 9133, 0, 0, 0, 3445, 33, 12611
"d:\CV\Project-Web-Real-Madrid-V2\backend\uploads\hls\hls_24_1761116566457\segment_119.ts", "TypeScript", 0, 0, 0, 0, 0, 17484, 0, 0, 0, 5865, 45, 23394
"d:\CV\Project-Web-Real-Madrid-V2\backend\uploads\hls\hls_24_1761116566457\segment_120.ts", "TypeScript", 0, 0, 0, 0, 0, 9406, 0, 0, 0, 5096, 31, 14533
"d:\CV\Project-Web-Real-Madrid-V2\backend\uploads\hls\hls_24_1761116566457\segment_121.ts", "TypeScript", 0, 0, 0, 0, 0, 12729, 0, 0, 0, 5011, 39, 17779
"d:\CV\Project-Web-Real-Madrid-V2\backend\uploads\hls\hls_24_1761116566457\segment_122.ts", "TypeScript", 0, 0, 0, 0, 0, 2537, 0, 0, 0, 1616, 13, 4166
"d:\CV\Project-Web-Real-Madrid-V2\backend\uploads\hls\hls_24_1761116566457\segment_123.ts", "TypeScript", 0, 0, 0, 0, 0, 316, 0, 0, 0, 0, 5, 321
"d:\CV\Project-Web-Real-Madrid-V2\backend\uploads\hls\hls_24_1761116566457\segment_124.ts", "TypeScript", 0, 0, 0, 0, 0, 219, 0, 0, 0, 248, 2, 469
"d:\CV\Project-Web-Real-Madrid-V2\backend\uploads\hls\hls_25_1761117746332\segment_000.ts", "TypeScript", 0, 0, 0, 0, 0, 19293, 0, 0, 0, 5356, 52, 24701
"d:\CV\Project-Web-Real-Madrid-V2\backend\uploads\hls\hls_25_1761117746332\segment_001.ts", "TypeScript", 0, 0, 0, 0, 0, 13304, 0, 0, 0, 4706, 50, 18060
"d:\CV\Project-Web-Real-Madrid-V2\backend\uploads\hls\hls_25_1761117746332\segment_002.ts", "TypeScript", 0, 0, 0, 0, 0, 6743, 0, 0, 0, 3823, 22, 10588
"d:\CV\Project-Web-Real-Madrid-V2\backend\uploads\hls\hls_25_1761117746332\segment_003.ts", "TypeScript", 0, 0, 0, 0, 0, 18649, 0, 0, 0, 3496, 56, 22201
"d:\CV\Project-Web-Real-Madrid-V2\backend\uploads\hls\hls_25_1761117746332\segment_004.ts", "TypeScript", 0, 0, 0, 0, 0, 13006, 0, 0, 0, 4900, 51, 17957
"d:\CV\Project-Web-Real-Madrid-V2\backend\uploads\hls\hls_25_1761117746332\segment_005.ts", "TypeScript", 0, 0, 0, 0, 0, 10468, 0, 0, 0, 5975, 39, 16482
"d:\CV\Project-Web-Real-Madrid-V2\backend\uploads\hls\hls_25_1761117746332\segment_006.ts", "TypeScript", 0, 0, 0, 0, 0, 13162, 0, 0, 0, 5296, 43, 18501
"d:\CV\Project-Web-Real-Madrid-V2\backend\uploads\hls\hls_25_1761117746332\segment_007.ts", "TypeScript", 0, 0, 0, 0, 0, 10387, 0, 0, 0, 2492, 28, 12907
"d:\CV\Project-Web-Real-Madrid-V2\backend\uploads\hls\hls_25_1761117746332\segment_008.ts", "TypeScript", 0, 0, 0, 0, 0, 14069, 0, 0, 0, 4486, 43, 18598
"d:\CV\Project-Web-Real-Madrid-V2\backend\uploads\hls\hls_25_1761117746332\segment_009.ts", "TypeScript", 0, 0, 0, 0, 0, 13737, 0, 0, 0, 5978, 52, 19767
"d:\CV\Project-Web-Real-Madrid-V2\backend\uploads\hls\hls_25_1761117746332\segment_010.ts", "TypeScript", 0, 0, 0, 0, 0, 13116, 0, 0, 0, 9047, 52, 22215
"d:\CV\Project-Web-Real-Madrid-V2\backend\uploads\hls\hls_25_1761117746332\segment_011.ts", "TypeScript", 0, 0, 0, 0, 0, 12322, 0, 0, 0, 3844, 40, 16206
"d:\CV\Project-Web-Real-Madrid-V2\backend\uploads\hls\hls_25_1761117746332\segment_012.ts", "TypeScript", 0, 0, 0, 0, 0, 11986, 0, 0, 0, 8072, 45, 20103
"d:\CV\Project-Web-Real-Madrid-V2\backend\uploads\hls\hls_25_1761117746332\segment_013.ts", "TypeScript", 0, 0, 0, 0, 0, 15076, 0, 0, 0, 3703, 52, 18831
"d:\CV\Project-Web-Real-Madrid-V2\backend\uploads\hls\hls_25_1761117746332\segment_014.ts", "TypeScript", 0, 0, 0, 0, 0, 12124, 0, 0, 0, 6452, 38, 18614
"d:\CV\Project-Web-Real-Madrid-V2\backend\uploads\hls\hls_25_1761117746332\segment_015.ts", "TypeScript", 0, 0, 0, 0, 0, 15216, 0, 0, 0, 4181, 48, 19445
"d:\CV\Project-Web-Real-Madrid-V2\backend\uploads\hls\hls_25_1761117746332\segment_016.ts", "TypeScript", 0, 0, 0, 0, 0, 5299, 0, 0, 0, 2260, 11, 7570
"d:\CV\Project-Web-Real-Madrid-V2\backend\uploads\hls\hls_25_1761117746332\segment_017.ts", "TypeScript", 0, 0, 0, 0, 0, 14183, 0, 0, 0, 3666, 47, 17896
"d:\CV\Project-Web-Real-Madrid-V2\backend\uploads\hls\hls_25_1761117746332\segment_018.ts", "TypeScript", 0, 0, 0, 0, 0, 6212, 0, 0, 0, 4119, 21, 10352
"d:\CV\Project-Web-Real-Madrid-V2\backend\uploads\hls\hls_25_1761117746332\segment_019.ts", "TypeScript", 0, 0, 0, 0, 0, 13536, 0, 0, 0, 6665, 39, 20240
"d:\CV\Project-Web-Real-Madrid-V2\backend\uploads\hls\hls_25_1761117746332\segment_020.ts", "TypeScript", 0, 0, 0, 0, 0, 9348, 0, 0, 0, 1761, 23, 11132
"d:\CV\Project-Web-Real-Madrid-V2\backend\uploads\hls\hls_25_1761117746332\segment_021.ts", "TypeScript", 0, 0, 0, 0, 0, 7121, 0, 0, 0, 2673, 26, 9820
"d:\CV\Project-Web-Real-Madrid-V2\backend\uploads\hls\hls_25_1761117746332\segment_022.ts", "TypeScript", 0, 0, 0, 0, 0, 13944, 0, 0, 0, 3135, 49, 17128
"d:\CV\Project-Web-Real-Madrid-V2\backend\uploads\hls\hls_25_1761117746332\segment_023.ts", "TypeScript", 0, 0, 0, 0, 0, 15533, 0, 0, 0, 6252, 61, 21846
"d:\CV\Project-Web-Real-Madrid-V2\backend\uploads\hls\hls_25_1761117746332\segment_024.ts", "TypeScript", 0, 0, 0, 0, 0, 7547, 0, 0, 0, 3350, 26, 10923
"d:\CV\Project-Web-Real-Madrid-V2\backend\uploads\hls\hls_25_1761117746332\segment_025.ts", "TypeScript", 0, 0, 0, 0, 0, 2670, 0, 0, 0, 2818, 8, 5496
"d:\CV\Project-Web-Real-Madrid-V2\backend\uploads\hls\hls_25_1761117746332\segment_026.ts", "TypeScript", 0, 0, 0, 0, 0, 9437, 0, 0, 0, 3734, 24, 13195
"d:\CV\Project-Web-Real-Madrid-V2\backend\uploads\hls\hls_25_1761117746332\segment_027.ts", "TypeScript", 0, 0, 0, 0, 0, 6837, 0, 0, 0, 3816, 22, 10675
"d:\CV\Project-Web-Real-Madrid-V2\backend\uploads\hls\hls_25_1761117746332\segment_028.ts", "TypeScript", 0, 0, 0, 0, 0, 11175, 0, 0, 0, 7986, 32, 19193
"d:\CV\Project-Web-Real-Madrid-V2\backend\uploads\hls\hls_25_1761117746332\segment_029.ts", "TypeScript", 0, 0, 0, 0, 0, 10315, 0, 0, 0, 5537, 40, 15892
"d:\CV\Project-Web-Real-Madrid-V2\backend\uploads\hls\hls_25_1761117746332\segment_030.ts", "TypeScript", 0, 0, 0, 0, 0, 13378, 0, 0, 0, 917, 51, 14346
"d:\CV\Project-Web-Real-Madrid-V2\backend\uploads\hls\hls_25_1761117746332\segment_031.ts", "TypeScript", 0, 0, 0, 0, 0, 12244, 0, 0, 0, 4932, 43, 17219
"d:\CV\Project-Web-Real-Madrid-V2\backend\uploads\hls\hls_25_1761117746332\segment_032.ts", "TypeScript", 0, 0, 0, 0, 0, 2557, 0, 0, 0, 118, 8, 2683
"d:\CV\Project-Web-Real-Madrid-V2\backend\uploads\hls\hls_25_1761117746332\segment_033.ts", "TypeScript", 0, 0, 0, 0, 0, 6249, 0, 0, 0, 1509, 24, 7782
"d:\CV\Project-Web-Real-Madrid-V2\backend\uploads\hls\hls_25_1761117746332\segment_034.ts", "TypeScript", 0, 0, 0, 0, 0, 3457, 0, 0, 0, 295, 11, 3763
"d:\CV\Project-Web-Real-Madrid-V2\backend\uploads\hls\hls_25_1761117746332\segment_035.ts", "TypeScript", 0, 0, 0, 0, 0, 14139, 0, 0, 0, 5643, 46, 19828
"d:\CV\Project-Web-Real-Madrid-V2\backend\uploads\hls\hls_25_1761117746332\segment_036.ts", "TypeScript", 0, 0, 0, 0, 0, 17486, 0, 0, 0, 4192, 50, 21728
"d:\CV\Project-Web-Real-Madrid-V2\backend\uploads\hls\hls_25_1761117746332\segment_037.ts", "TypeScript", 0, 0, 0, 0, 0, 4152, 0, 0, 0, 1336, 15, 5503
"d:\CV\Project-Web-Real-Madrid-V2\backend\uploads\hls\hls_25_1761117746332\segment_038.ts", "TypeScript", 0, 0, 0, 0, 0, 8307, 0, 0, 0, 1799, 27, 10133
"d:\CV\Project-Web-Real-Madrid-V2\backend\uploads\hls\hls_25_1761117746332\segment_039.ts", "TypeScript", 0, 0, 0, 0, 0, 4699, 0, 0, 0, 1159, 19, 5877
"d:\CV\Project-Web-Real-Madrid-V2\backend\uploads\hls\hls_25_1761117746332\segment_040.ts", "TypeScript", 0, 0, 0, 0, 0, 9756, 0, 0, 0, 664, 35, 10455
"d:\CV\Project-Web-Real-Madrid-V2\backend\uploads\hls\hls_25_1761117746332\segment_041.ts", "TypeScript", 0, 0, 0, 0, 0, 12508, 0, 0, 0, 5849, 45, 18402
"d:\CV\Project-Web-Real-Madrid-V2\backend\uploads\hls\hls_25_1761117746332\segment_042.ts", "TypeScript", 0, 0, 0, 0, 0, 14524, 0, 0, 0, 8606, 49, 23179
"d:\CV\Project-Web-Real-Madrid-V2\backend\uploads\hls\hls_25_1761117746332\segment_043.ts", "TypeScript", 0, 0, 0, 0, 0, 17789, 0, 0, 0, 4640, 47, 22476
"d:\CV\Project-Web-Real-Madrid-V2\backend\uploads\hls\hls_25_1761117746332\segment_044.ts", "TypeScript", 0, 0, 0, 0, 0, 8359, 0, 0, 0, 6804, 35, 15198
"d:\CV\Project-Web-Real-Madrid-V2\backend\uploads\hls\hls_25_1761117746332\segment_045.ts", "TypeScript", 0, 0, 0, 0, 0, 12156, 0, 0, 0, 2974, 46, 15176
"d:\CV\Project-Web-Real-Madrid-V2\backend\uploads\hls\hls_25_1761117746332\segment_046.ts", "TypeScript", 0, 0, 0, 0, 0, 17588, 0, 0, 0, 3462, 53, 21103
"d:\CV\Project-Web-Real-Madrid-V2\backend\uploads\hls\hls_25_1761117746332\segment_047.ts", "TypeScript", 0, 0, 0, 0, 0, 16705, 0, 0, 0, 3192, 57, 19954
"d:\CV\Project-Web-Real-Madrid-V2\backend\uploads\hls\hls_25_1761117746332\segment_048.ts", "TypeScript", 0, 0, 0, 0, 0, 13207, 0, 0, 0, 4153, 38, 17398
"d:\CV\Project-Web-Real-Madrid-V2\backend\uploads\hls\hls_25_1761117746332\segment_049.ts", "TypeScript", 0, 0, 0, 0, 0, 17753, 0, 0, 0, 5840, 62, 23655
"d:\CV\Project-Web-Real-Madrid-V2\backend\uploads\hls\hls_25_1761117746332\segment_050.ts", "TypeScript", 0, 0, 0, 0, 0, 3220, 0, 0, 0, 657, 12, 3889
"d:\CV\Project-Web-Real-Madrid-V2\backend\uploads\hls\hls_25_1761117746332\segment_051.ts", "TypeScript", 0, 0, 0, 0, 0, 14766, 0, 0, 0, 4340, 36, 19142
"d:\CV\Project-Web-Real-Madrid-V2\backend\uploads\hls\hls_25_1761117746332\segment_052.ts", "TypeScript", 0, 0, 0, 0, 0, 13719, 0, 0, 0, 5105, 53, 18877
"d:\CV\Project-Web-Real-Madrid-V2\backend\uploads\hls\hls_25_1761117746332\segment_053.ts", "TypeScript", 0, 0, 0, 0, 0, 15134, 0, 0, 0, 5960, 67, 21161
"d:\CV\Project-Web-Real-Madrid-V2\backend\uploads\hls\hls_25_1761117746332\segment_054.ts", "TypeScript", 0, 0, 0, 0, 0, 8002, 0, 0, 0, 4371, 27, 12400
"d:\CV\Project-Web-Real-Madrid-V2\backend\uploads\hls\hls_25_1761117746332\segment_055.ts", "TypeScript", 0, 0, 0, 0, 0, 14628, 0, 0, 0, 1982, 46, 16656
"d:\CV\Project-Web-Real-Madrid-V2\backend\uploads\hls\hls_25_1761117746332\segment_056.ts", "TypeScript", 0, 0, 0, 0, 0, 5554, 0, 0, 0, 2959, 15, 8528
"d:\CV\Project-Web-Real-Madrid-V2\backend\uploads\hls\hls_25_1761117746332\segment_057.ts", "TypeScript", 0, 0, 0, 0, 0, 4103, 0, 0, 0, 2298, 11, 6412
"d:\CV\Project-Web-Real-Madrid-V2\backend\uploads\hls\hls_25_1761117746332\segment_058.ts", "TypeScript", 0, 0, 0, 0, 0, 3423, 0, 0, 0, 2822, 10, 6255
"d:\CV\Project-Web-Real-Madrid-V2\backend\uploads\hls\hls_25_1761117746332\segment_059.ts", "TypeScript", 0, 0, 0, 0, 0, 3103, 0, 0, 0, 4717, 6, 7826
"d:\CV\Project-Web-Real-Madrid-V2\backend\uploads\hls\hls_25_1761117746332\segment_060.ts", "TypeScript", 0, 0, 0, 0, 0, 11497, 0, 0, 0, 5832, 36, 17365
"d:\CV\Project-Web-Real-Madrid-V2\backend\uploads\hls\hls_25_1761117746332\segment_061.ts", "TypeScript", 0, 0, 0, 0, 0, 14493, 0, 0, 0, 3140, 39, 17672
"d:\CV\Project-Web-Real-Madrid-V2\backend\uploads\hls\hls_25_1761117746332\segment_062.ts", "TypeScript", 0, 0, 0, 0, 0, 11866, 0, 0, 0, 8362, 49, 20277
"d:\CV\Project-Web-Real-Madrid-V2\backend\uploads\hls\hls_25_1761117746332\segment_063.ts", "TypeScript", 0, 0, 0, 0, 0, 6007, 0, 0, 0, 7913, 13, 13933
"d:\CV\Project-Web-Real-Madrid-V2\backend\uploads\hls\hls_25_1761117746332\segment_064.ts", "TypeScript", 0, 0, 0, 0, 0, 7466, 0, 0, 0, 4074, 22, 11562
"d:\CV\Project-Web-Real-Madrid-V2\backend\uploads\hls\hls_25_1761117746332\segment_065.ts", "TypeScript", 0, 0, 0, 0, 0, 5198, 0, 0, 0, 242, 13, 5453
"d:\CV\Project-Web-Real-Madrid-V2\backend\uploads\hls\hls_25_1761117746332\segment_066.ts", "TypeScript", 0, 0, 0, 0, 0, 8690, 0, 0, 0, 8009, 29, 16728
"d:\CV\Project-Web-Real-Madrid-V2\backend\uploads\hls\hls_25_1761117746332\segment_067.ts", "TypeScript", 0, 0, 0, 0, 0, 5964, 0, 0, 0, 1706, 21, 7691
"d:\CV\Project-Web-Real-Madrid-V2\backend\uploads\hls\hls_25_1761117746332\segment_068.ts", "TypeScript", 0, 0, 0, 0, 0, 1050, 0, 0, 0, 579, 5, 1634
"d:\CV\Project-Web-Real-Madrid-V2\backend\uploads\hls\hls_25_1761117746332\segment_069.ts", "TypeScript", 0, 0, 0, 0, 0, 5963, 0, 0, 0, 1413, 21, 7397
"d:\CV\Project-Web-Real-Madrid-V2\backend\uploads\hls\hls_25_1761117746332\segment_070.ts", "TypeScript", 0, 0, 0, 0, 0, 2567, 0, 0, 0, 293, 10, 2870
"d:\CV\Project-Web-Real-Madrid-V2\backend\uploads\hls\hls_25_1761117746332\segment_071.ts", "TypeScript", 0, 0, 0, 0, 0, 3399, 0, 0, 0, 1775, 12, 5186
"d:\CV\Project-Web-Real-Madrid-V2\backend\uploads\hls\hls_25_1761117746332\segment_072.ts", "TypeScript", 0, 0, 0, 0, 0, 3059, 0, 0, 0, 338, 9, 3406
"d:\CV\Project-Web-Real-Madrid-V2\backend\uploads\hls\hls_25_1761117746332\segment_073.ts", "TypeScript", 0, 0, 0, 0, 0, 9577, 0, 0, 0, 4787, 38, 14402
"d:\CV\Project-Web-Real-Madrid-V2\backend\uploads\hls\hls_25_1761117746332\segment_074.ts", "TypeScript", 0, 0, 0, 0, 0, 5742, 0, 0, 0, 553, 22, 6317
"d:\CV\Project-Web-Real-Madrid-V2\backend\uploads\hls\hls_25_1761117746332\segment_075.ts", "TypeScript", 0, 0, 0, 0, 0, 14545, 0, 0, 0, 6543, 58, 21146
"d:\CV\Project-Web-Real-Madrid-V2\backend\uploads\hls\hls_25_1761117746332\segment_076.ts", "TypeScript", 0, 0, 0, 0, 0, 11711, 0, 0, 0, 5470, 37, 17218
"d:\CV\Project-Web-Real-Madrid-V2\backend\uploads\hls\hls_25_1761117746332\segment_077.ts", "TypeScript", 0, 0, 0, 0, 0, 6170, 0, 0, 0, 2402, 23, 8595
"d:\CV\Project-Web-Real-Madrid-V2\backend\uploads\hls\hls_25_1761117746332\segment_078.ts", "TypeScript", 0, 0, 0, 0, 0, 10970, 0, 0, 0, 3731, 39, 14740
"d:\CV\Project-Web-Real-Madrid-V2\backend\uploads\hls\hls_25_1761117746332\segment_079.ts", "TypeScript", 0, 0, 0, 0, 0, 12239, 0, 0, 0, 5481, 33, 17753
"d:\CV\Project-Web-Real-Madrid-V2\backend\uploads\hls\hls_25_1761117746332\segment_080.ts", "TypeScript", 0, 0, 0, 0, 0, 4405, 0, 0, 0, 1478, 18, 5901
"d:\CV\Project-Web-Real-Madrid-V2\backend\uploads\hls\hls_25_1761117746332\segment_081.ts", "TypeScript", 0, 0, 0, 0, 0, 13508, 0, 0, 0, 7614, 57, 21179
"d:\CV\Project-Web-Real-Madrid-V2\backend\uploads\hls\hls_25_1761117746332\segment_082.ts", "TypeScript", 0, 0, 0, 0, 0, 15481, 0, 0, 0, 7468, 69, 23018
"d:\CV\Project-Web-Real-Madrid-V2\backend\uploads\hls\hls_25_1761117746332\segment_083.ts", "TypeScript", 0, 0, 0, 0, 0, 7584, 0, 0, 0, 3385, 25, 10994
"d:\CV\Project-Web-Real-Madrid-V2\backend\uploads\hls\hls_25_1761117746332\segment_084.ts", "TypeScript", 0, 0, 0, 0, 0, 6636, 0, 0, 0, 5950, 36, 12622
"d:\CV\Project-Web-Real-Madrid-V2\backend\uploads\hls\hls_25_1761117746332\segment_085.ts", "TypeScript", 0, 0, 0, 0, 0, 12353, 0, 0, 0, 5008, 44, 17405
"d:\CV\Project-Web-Real-Madrid-V2\backend\uploads\hls\hls_25_1761117746332\segment_086.ts", "TypeScript", 0, 0, 0, 0, 0, 12975, 0, 0, 0, 3485, 65, 16525
"d:\CV\Project-Web-Real-Madrid-V2\backend\uploads\hls\hls_25_1761117746332\segment_087.ts", "TypeScript", 0, 0, 0, 0, 0, 10756, 0, 0, 0, 5789, 45, 16590
"d:\CV\Project-Web-Real-Madrid-V2\backend\uploads\hls\hls_25_1761117746332\segment_088.ts", "TypeScript", 0, 0, 0, 0, 0, 13544, 0, 0, 0, 7284, 44, 20872
"d:\CV\Project-Web-Real-Madrid-V2\backend\uploads\hls\hls_25_1761117746332\segment_089.ts", "TypeScript", 0, 0, 0, 0, 0, 7466, 0, 0, 0, 1789, 21, 9276
"d:\CV\Project-Web-Real-Madrid-V2\backend\uploads\hls\hls_25_1761117746332\segment_090.ts", "TypeScript", 0, 0, 0, 0, 0, 5042, 0, 0, 0, 1054, 18, 6114
"d:\CV\Project-Web-Real-Madrid-V2\backend\uploads\hls\hls_25_1761117746332\segment_091.ts", "TypeScript", 0, 0, 0, 0, 0, 13870, 0, 0, 0, 6846, 43, 20759
"d:\CV\Project-Web-Real-Madrid-V2\backend\uploads\hls\hls_25_1761117746332\segment_092.ts", "TypeScript", 0, 0, 0, 0, 0, 9915, 0, 0, 0, 2553, 38, 12506
"d:\CV\Project-Web-Real-Madrid-V2\backend\uploads\hls\hls_25_1761117746332\segment_093.ts", "TypeScript", 0, 0, 0, 0, 0, 6185, 0, 0, 0, 3464, 19, 9668
"d:\CV\Project-Web-Real-Madrid-V2\backend\uploads\hls\hls_25_1761117746332\segment_094.ts", "TypeScript", 0, 0, 0, 0, 0, 14619, 0, 0, 0, 3484, 49, 18152
"d:\CV\Project-Web-Real-Madrid-V2\backend\uploads\hls\hls_25_1761117746332\segment_095.ts", "TypeScript", 0, 0, 0, 0, 0, 10914, 0, 0, 0, 3694, 40, 14648
"d:\CV\Project-Web-Real-Madrid-V2\backend\uploads\hls\hls_25_1761117746332\segment_096.ts", "TypeScript", 0, 0, 0, 0, 0, 4740, 0, 0, 0, 2223, 10, 6973
"d:\CV\Project-Web-Real-Madrid-V2\backend\uploads\hls\hls_25_1761117746332\segment_097.ts", "TypeScript", 0, 0, 0, 0, 0, 9828, 0, 0, 0, 3064, 36, 12928
"d:\CV\Project-Web-Real-Madrid-V2\backend\uploads\hls\hls_25_1761117746332\segment_098.ts", "TypeScript", 0, 0, 0, 0, 0, 4620, 0, 0, 0, 2986, 14, 7620
"d:\CV\Project-Web-Real-Madrid-V2\backend\uploads\hls\hls_25_1761117746332\segment_099.ts", "TypeScript", 0, 0, 0, 0, 0, 2539, 0, 0, 0, 146, 14, 2699
"d:\CV\Project-Web-Real-Madrid-V2\backend\uploads\hls\hls_25_1761117746332\segment_100.ts", "TypeScript", 0, 0, 0, 0, 0, 12938, 0, 0, 0, 4300, 47, 17285
"d:\CV\Project-Web-Real-Madrid-V2\backend\uploads\hls\hls_25_1761117746332\segment_101.ts", "TypeScript", 0, 0, 0, 0, 0, 11864, 0, 0, 0, 6142, 42, 18048
"d:\CV\Project-Web-Real-Madrid-V2\backend\uploads\hls\hls_25_1761117746332\segment_102.ts", "TypeScript", 0, 0, 0, 0, 0, 9844, 0, 0, 0, 8541, 43, 18428
"d:\CV\Project-Web-Real-Madrid-V2\backend\uploads\hls\hls_25_1761117746332\segment_103.ts", "TypeScript", 0, 0, 0, 0, 0, 16443, 0, 0, 0, 4547, 60, 21050
"d:\CV\Project-Web-Real-Madrid-V2\backend\uploads\hls\hls_25_1761117746332\segment_104.ts", "TypeScript", 0, 0, 0, 0, 0, 15932, 0, 0, 0, 6112, 55, 22099
"d:\CV\Project-Web-Real-Madrid-V2\backend\uploads\hls\hls_25_1761117746332\segment_105.ts", "TypeScript", 0, 0, 0, 0, 0, 11498, 0, 0, 0, 7292, 49, 18839
"d:\CV\Project-Web-Real-Madrid-V2\backend\uploads\hls\hls_25_1761117746332\segment_106.ts", "TypeScript", 0, 0, 0, 0, 0, 8221, 0, 0, 0, 5240, 28, 13489
"d:\CV\Project-Web-Real-Madrid-V2\backend\uploads\hls\hls_25_1761117746332\segment_107.ts", "TypeScript", 0, 0, 0, 0, 0, 9661, 0, 0, 0, 4165, 26, 13852
"d:\CV\Project-Web-Real-Madrid-V2\backend\uploads\hls\hls_25_1761117746332\segment_108.ts", "TypeScript", 0, 0, 0, 0, 0, 7038, 0, 0, 0, 3603, 20, 10661
"d:\CV\Project-Web-Real-Madrid-V2\backend\uploads\hls\hls_25_1761117746332\segment_109.ts", "TypeScript", 0, 0, 0, 0, 0, 9571, 0, 0, 0, 5125, 38, 14734
"d:\CV\Project-Web-Real-Madrid-V2\backend\uploads\hls\hls_25_1761117746332\segment_110.ts", "TypeScript", 0, 0, 0, 0, 0, 14063, 0, 0, 0, 8147, 48, 22258
"d:\CV\Project-Web-Real-Madrid-V2\backend\uploads\hls\hls_25_1761117746332\segment_111.ts", "TypeScript", 0, 0, 0, 0, 0, 10352, 0, 0, 0, 2409, 39, 12800
"d:\CV\Project-Web-Real-Madrid-V2\backend\uploads\hls\hls_25_1761117746332\segment_112.ts", "TypeScript", 0, 0, 0, 0, 0, 5827, 0, 0, 0, 1268, 22, 7117
"d:\CV\Project-Web-Real-Madrid-V2\backend\uploads\hls\hls_25_1761117746332\segment_113.ts", "TypeScript", 0, 0, 0, 0, 0, 6856, 0, 0, 0, 2821, 19, 9696
"d:\CV\Project-Web-Real-Madrid-V2\backend\uploads\hls\hls_25_1761117746332\segment_114.ts", "TypeScript", 0, 0, 0, 0, 0, 1967, 0, 0, 0, 4212, 10, 6189
"d:\CV\Project-Web-Real-Madrid-V2\backend\uploads\hls\hls_25_1761117746332\segment_115.ts", "TypeScript", 0, 0, 0, 0, 0, 10941, 0, 0, 0, 4852, 37, 15830
"d:\CV\Project-Web-Real-Madrid-V2\backend\uploads\hls\hls_25_1761117746332\segment_116.ts", "TypeScript", 0, 0, 0, 0, 0, 7693, 0, 0, 0, 2608, 26, 10327
"d:\CV\Project-Web-Real-Madrid-V2\backend\uploads\hls\hls_25_1761117746332\segment_117.ts", "TypeScript", 0, 0, 0, 0, 0, 7727, 0, 0, 0, 4291, 28, 12046
"d:\CV\Project-Web-Real-Madrid-V2\backend\uploads\hls\hls_25_1761117746332\segment_118.ts", "TypeScript", 0, 0, 0, 0, 0, 15754, 0, 0, 0, 4797, 70, 20621
"d:\CV\Project-Web-Real-Madrid-V2\backend\uploads\hls\hls_25_1761117746332\segment_119.ts", "TypeScript", 0, 0, 0, 0, 0, 4990, 0, 0, 0, 2514, 21, 7525
"d:\CV\Project-Web-Real-Madrid-V2\backend\uploads\hls\hls_25_1761117746332\segment_120.ts", "TypeScript", 0, 0, 0, 0, 0, 8466, 0, 0, 0, 6117, 29, 14612
"d:\CV\Project-Web-Real-Madrid-V2\backend\uploads\hls\hls_25_1761117746332\segment_121.ts", "TypeScript", 0, 0, 0, 0, 0, 15579, 0, 0, 0, 3550, 43, 19172
"d:\CV\Project-Web-Real-Madrid-V2\backend\uploads\hls\hls_25_1761117746332\segment_122.ts", "TypeScript", 0, 0, 0, 0, 0, 10566, 0, 0, 0, 5966, 49, 16581
"d:\CV\Project-Web-Real-Madrid-V2\backend\uploads\hls\hls_25_1761117746332\segment_123.ts", "TypeScript", 0, 0, 0, 0, 0, 9229, 0, 0, 0, 3637, 37, 12903
"d:\CV\Project-Web-Real-Madrid-V2\backend\uploads\hls\hls_25_1761117746332\segment_124.ts", "TypeScript", 0, 0, 0, 0, 0, 8638, 0, 0, 0, 2972, 34, 11644
"d:\CV\Project-Web-Real-Madrid-V2\backend\uploads\hls\hls_25_1761117746332\segment_125.ts", "TypeScript", 0, 0, 0, 0, 0, 17464, 0, 0, 0, 2835, 67, 20366
"d:\CV\Project-Web-Real-Madrid-V2\backend\uploads\hls\hls_25_1761117746332\segment_126.ts", "TypeScript", 0, 0, 0, 0, 0, 15792, 0, 0, 0, 6771, 49, 22612
"d:\CV\Project-Web-Real-Madrid-V2\backend\uploads\hls\hls_25_1761117746332\segment_127.ts", "TypeScript", 0, 0, 0, 0, 0, 16505, 0, 0, 0, 6373, 60, 22938
"d:\CV\Project-Web-Real-Madrid-V2\backend\uploads\hls\hls_25_1761117746332\segment_128.ts", "TypeScript", 0, 0, 0, 0, 0, 11869, 0, 0, 0, 2568, 32, 14469
"d:\CV\Project-Web-Real-Madrid-V2\backend\uploads\hls\hls_25_1761117746332\segment_129.ts", "TypeScript", 0, 0, 0, 0, 0, 6355, 0, 0, 0, 5154, 21, 11530
"d:\CV\Project-Web-Real-Madrid-V2\backend\uploads\hls\hls_25_1761117746332\segment_130.ts", "TypeScript", 0, 0, 0, 0, 0, 16417, 0, 0, 0, 2999, 47, 19463
"d:\CV\Project-Web-Real-Madrid-V2\backend\uploads\hls\hls_25_1761117746332\segment_131.ts", "TypeScript", 0, 0, 0, 0, 0, 12668, 0, 0, 0, 6909, 35, 19612
"d:\CV\Project-Web-Real-Madrid-V2\backend\uploads\hls\hls_25_1761117746332\segment_132.ts", "TypeScript", 0, 0, 0, 0, 0, 5566, 0, 0, 0, 741, 14, 6321
"d:\CV\Project-Web-Real-Madrid-V2\backend\uploads\hls\hls_25_1761117746332\segment_133.ts", "TypeScript", 0, 0, 0, 0, 0, 6488, 0, 0, 0, 2287, 25, 8800
"d:\CV\Project-Web-Real-Madrid-V2\backend\uploads\hls\hls_25_1761117746332\segment_134.ts", "TypeScript", 0, 0, 0, 0, 0, 1525, 0, 0, 0, 2062, 8, 3595
"d:\CV\Project-Web-Real-Madrid-V2\backend\uploads\hls\hls_25_1761117746332\segment_135.ts", "TypeScript", 0, 0, 0, 0, 0, 7190, 0, 0, 0, 3601, 25, 10816
"d:\CV\Project-Web-Real-Madrid-V2\backend\uploads\hls\hls_25_1761117746332\segment_136.ts", "TypeScript", 0, 0, 0, 0, 0, 11599, 0, 0, 0, 7077, 40, 18716
"d:\CV\Project-Web-Real-Madrid-V2\backend\uploads\hls\hls_25_1761117746332\segment_137.ts", "TypeScript", 0, 0, 0, 0, 0, 17701, 0, 0, 0, 5646, 68, 23415
"d:\CV\Project-Web-Real-Madrid-V2\backend\uploads\hls\hls_25_1761117746332\segment_138.ts", "TypeScript", 0, 0, 0, 0, 0, 14941, 0, 0, 0, 2587, 55, 17583
"d:\CV\Project-Web-Real-Madrid-V2\backend\uploads\hls\hls_25_1761117746332\segment_139.ts", "TypeScript", 0, 0, 0, 0, 0, 13330, 0, 0, 0, 8427, 39, 21796
"d:\CV\Project-Web-Real-Madrid-V2\backend\uploads\hls\hls_25_1761117746332\segment_140.ts", "TypeScript", 0, 0, 0, 0, 0, 4574, 0, 0, 0, 2378, 14, 6966
"d:\CV\Project-Web-Real-Madrid-V2\backend\uploads\hls\hls_25_1761117746332\segment_141.ts", "TypeScript", 0, 0, 0, 0, 0, 14734, 0, 0, 0, 5103, 51, 19888
"d:\CV\Project-Web-Real-Madrid-V2\backend\uploads\hls\hls_25_1761117746332\segment_142.ts", "TypeScript", 0, 0, 0, 0, 0, 4198, 0, 0, 0, 735, 15, 4948
"d:\CV\Project-Web-Real-Madrid-V2\backend\uploads\hls\hls_25_1761117746332\segment_143.ts", "TypeScript", 0, 0, 0, 0, 0, 7426, 0, 0, 0, 4422, 21, 11869
"d:\CV\Project-Web-Real-Madrid-V2\backend\uploads\hls\hls_25_1761117746332\segment_144.ts", "TypeScript", 0, 0, 0, 0, 0, 7086, 0, 0, 0, 1995, 22, 9103
"d:\CV\Project-Web-Real-Madrid-V2\backend\uploads\hls\hls_25_1761117746332\segment_145.ts", "TypeScript", 0, 0, 0, 0, 0, 5832, 0, 0, 0, 3888, 16, 9736
"d:\CV\Project-Web-Real-Madrid-V2\backend\uploads\hls\hls_25_1761117746332\segment_146.ts", "TypeScript", 0, 0, 0, 0, 0, 13234, 0, 0, 0, 5089, 46, 18369
"d:\CV\Project-Web-Real-Madrid-V2\backend\uploads\hls\hls_25_1761117746332\segment_147.ts", "TypeScript", 0, 0, 0, 0, 0, 10381, 0, 0, 0, 6546, 46, 16973
"d:\CV\Project-Web-Real-Madrid-V2\backend\uploads\hls\hls_25_1761117746332\segment_148.ts", "TypeScript", 0, 0, 0, 0, 0, 5777, 0, 0, 0, 491, 16, 6284
"d:\CV\Project-Web-Real-Madrid-V2\backend\uploads\hls\hls_25_1761117746332\segment_149.ts", "TypeScript", 0, 0, 0, 0, 0, 1441, 0, 0, 0, 2831, 7, 4279
"d:\CV\Project-Web-Real-Madrid-V2\backend\uploads\hls\hls_25_1761117746332\segment_150.ts", "TypeScript", 0, 0, 0, 0, 0, 10284, 0, 0, 0, 7586, 29, 17899
"d:\CV\Project-Web-Real-Madrid-V2\backend\uploads\hls\hls_25_1761117746332\segment_151.ts", "TypeScript", 0, 0, 0, 0, 0, 8054, 0, 0, 0, 6063, 27, 14144
"d:\CV\Project-Web-Real-Madrid-V2\backend\uploads\hls\hls_25_1761117746332\segment_152.ts", "TypeScript", 0, 0, 0, 0, 0, 11853, 0, 0, 0, 2688, 36, 14577
"d:\CV\Project-Web-Real-Madrid-V2\backend\uploads\hls\hls_25_1761117746332\segment_153.ts", "TypeScript", 0, 0, 0, 0, 0, 13453, 0, 0, 0, 2253, 45, 15751
"d:\CV\Project-Web-Real-Madrid-V2\backend\uploads\hls\hls_25_1761117746332\segment_154.ts", "TypeScript", 0, 0, 0, 0, 0, 8391, 0, 0, 0, 1364, 32, 9787
"d:\CV\Project-Web-Real-Madrid-V2\backend\uploads\hls\hls_25_1761117746332\segment_155.ts", "TypeScript", 0, 0, 0, 0, 0, 9132, 0, 0, 0, 194, 27, 9353
"d:\CV\Project-Web-Real-Madrid-V2\backend\uploads\hls\hls_25_1761117746332\segment_156.ts", "TypeScript", 0, 0, 0, 0, 0, 8422, 0, 0, 0, 3103, 33, 11558
"d:\CV\Project-Web-Real-Madrid-V2\backend\uploads\hls\hls_25_1761117746332\segment_157.ts", "TypeScript", 0, 0, 0, 0, 0, 14832, 0, 0, 0, 4687, 59, 19578
"d:\CV\Project-Web-Real-Madrid-V2\backend\uploads\hls\hls_25_1761117746332\segment_158.ts", "TypeScript", 0, 0, 0, 0, 0, 5867, 0, 0, 0, 2127, 23, 8017
"d:\CV\Project-Web-Real-Madrid-V2\backend\uploads\hls\hls_25_1761117746332\segment_159.ts", "TypeScript", 0, 0, 0, 0, 0, 748, 0, 0, 0, 0, 3, 751
"d:\CV\Project-Web-Real-Madrid-V2\backend\uploads\hls\hls_25_1761117746332\segment_160.ts", "TypeScript", 0, 0, 0, 0, 0, 299, 0, 0, 0, 0, 3, 302
"d:\CV\Project-Web-Real-Madrid-V2\backend\uploads\hls\hls_5_1759824535612\segment_000.ts", "TypeScript", 0, 0, 0, 0, 0, 10673, 0, 0, 0, 6672, 33, 17378
"d:\CV\Project-Web-Real-Madrid-V2\backend\uploads\hls\hls_5_1759824535612\segment_001.ts", "TypeScript", 0, 0, 0, 0, 0, 4898, 0, 0, 0, 2563, 18, 7479
"d:\CV\Project-Web-Real-Madrid-V2\backend\uploads\hls\hls_5_1759824535612\segment_002.ts", "TypeScript", 0, 0, 0, 0, 0, 14540, 0, 0, 0, 8381, 35, 22956
"d:\CV\Project-Web-Real-Madrid-V2\backend\uploads\hls\hls_5_1759824535612\segment_003.ts", "TypeScript", 0, 0, 0, 0, 0, 12251, 0, 0, 0, 6691, 30, 18972
"d:\CV\Project-Web-Real-Madrid-V2\backend\uploads\hls\hls_5_1759824535612\segment_004.ts", "TypeScript", 0, 0, 0, 0, 0, 14310, 0, 0, 0, 2898, 43, 17251
"d:\CV\Project-Web-Real-Madrid-V2\backend\uploads\hls\hls_5_1759824535612\segment_005.ts", "TypeScript", 0, 0, 0, 0, 0, 10730, 0, 0, 0, 4579, 43, 15352
"d:\CV\Project-Web-Real-Madrid-V2\backend\uploads\hls\hls_5_1759824535612\segment_006.ts", "TypeScript", 0, 0, 0, 0, 0, 14399, 0, 0, 0, 3782, 59, 18240
"d:\CV\Project-Web-Real-Madrid-V2\backend\uploads\hls\hls_5_1759824535612\segment_007.ts", "TypeScript", 0, 0, 0, 0, 0, 17135, 0, 0, 0, 5527, 67, 22729
"d:\CV\Project-Web-Real-Madrid-V2\backend\uploads\hls\hls_5_1759824535612\segment_008.ts", "TypeScript", 0, 0, 0, 0, 0, 9431, 0, 0, 0, 4741, 30, 14202
"d:\CV\Project-Web-Real-Madrid-V2\backend\uploads\hls\hls_5_1759824535612\segment_009.ts", "TypeScript", 0, 0, 0, 0, 0, 15768, 0, 0, 0, 5744, 49, 21561
"d:\CV\Project-Web-Real-Madrid-V2\backend\uploads\hls\hls_5_1759824535612\segment_010.ts", "TypeScript", 0, 0, 0, 0, 0, 1917, 0, 0, 0, 809, 2, 2728
"d:\CV\Project-Web-Real-Madrid-V2\backend\uploads\hls\hls_5_1759824535612\segment_011.ts", "TypeScript", 0, 0, 0, 0, 0, 10389, 0, 0, 0, 3948, 34, 14371
"d:\CV\Project-Web-Real-Madrid-V2\backend\uploads\hls\hls_5_1759824535612\segment_012.ts", "TypeScript", 0, 0, 0, 0, 0, 15674, 0, 0, 0, 6690, 47, 22411
"d:\CV\Project-Web-Real-Madrid-V2\backend\uploads\hls\hls_5_1759824535612\segment_013.ts", "TypeScript", 0, 0, 0, 0, 0, 14379, 0, 0, 0, 6726, 53, 21158
"d:\CV\Project-Web-Real-Madrid-V2\backend\uploads\hls\hls_5_1759824535612\segment_014.ts", "TypeScript", 0, 0, 0, 0, 0, 9049, 0, 0, 0, 1291, 26, 10366
"d:\CV\Project-Web-Real-Madrid-V2\backend\uploads\hls\hls_5_1759824535612\segment_015.ts", "TypeScript", 0, 0, 0, 0, 0, 10983, 0, 0, 0, 2370, 38, 13391
"d:\CV\Project-Web-Real-Madrid-V2\backend\uploads\hls\hls_5_1759824535612\segment_016.ts", "TypeScript", 0, 0, 0, 0, 0, 6453, 0, 0, 0, 1153, 23, 7629
"d:\CV\Project-Web-Real-Madrid-V2\backend\uploads\hls\hls_5_1759824535612\segment_017.ts", "TypeScript", 0, 0, 0, 0, 0, 16816, 0, 0, 0, 3633, 67, 20516
"d:\CV\Project-Web-Real-Madrid-V2\backend\uploads\hls\hls_5_1759824535612\segment_018.ts", "TypeScript", 0, 0, 0, 0, 0, 1381, 0, 0, 0, 1851, 1, 3233
"d:\CV\Project-Web-Real-Madrid-V2\backend\uploads\hls\hls_6_1759830463550\segment_000.ts", "TypeScript", 0, 0, 0, 0, 0, 12390, 0, 0, 0, 4204, 46, 16640
"d:\CV\Project-Web-Real-Madrid-V2\backend\uploads\hls\hls_6_1759830463550\segment_001.ts", "TypeScript", 0, 0, 0, 0, 0, 7989, 0, 0, 0, 899, 22, 8910
"d:\CV\Project-Web-Real-Madrid-V2\backend\uploads\hls\hls_6_1759830463550\segment_002.ts", "TypeScript", 0, 0, 0, 0, 0, 18060, 0, 0, 0, 4529, 62, 22651
"d:\CV\Project-Web-Real-Madrid-V2\backend\uploads\hls\hls_6_1759830463550\segment_003.ts", "TypeScript", 0, 0, 0, 0, 0, 15666, 0, 0, 0, 4207, 67, 19940
"d:\CV\Project-Web-Real-Madrid-V2\backend\uploads\hls\hls_6_1759830463550\segment_004.ts", "TypeScript", 0, 0, 0, 0, 0, 5842, 0, 0, 0, 3548, 20, 9410
"d:\CV\Project-Web-Real-Madrid-V2\backend\uploads\hls\hls_7_1759833715540\segment_000.ts", "TypeScript", 0, 0, 0, 0, 0, 11918, 0, 0, 0, 4876, 32, 16826
"d:\CV\Project-Web-Real-Madrid-V2\backend\uploads\hls\hls_7_1759833715540\segment_001.ts", "TypeScript", 0, 0, 0, 0, 0, 7019, 0, 0, 0, 1857, 30, 8906
"d:\CV\Project-Web-Real-Madrid-V2\backend\uploads\hls\hls_7_1759833715540\segment_002.ts", "TypeScript", 0, 0, 0, 0, 0, 15966, 0, 0, 0, 6171, 61, 22198
"d:\CV\Project-Web-Real-Madrid-V2\backend\uploads\hls\hls_7_1759833715540\segment_003.ts", "TypeScript", 0, 0, 0, 0, 0, 11276, 0, 0, 0, 8211, 41, 19528
"d:\CV\Project-Web-Real-Madrid-V2\backend\uploads\hls\hls_7_1759833715540\segment_004.ts", "TypeScript", 0, 0, 0, 0, 0, 4640, 0, 0, 0, 4146, 17, 8803
"d:\CV\Project-Web-Real-Madrid-V2\backend\uploads\hls\hls_8_1759837237144\segment_000.ts", "TypeScript", 0, 0, 0, 0, 0, 12501, 0, 0, 0, 4663, 38, 17202
"d:\CV\Project-Web-Real-Madrid-V2\backend\uploads\hls\hls_8_1759837237144\segment_001.ts", "TypeScript", 0, 0, 0, 0, 0, 6528, 0, 0, 0, 972, 17, 7517
"d:\CV\Project-Web-Real-Madrid-V2\backend\uploads\hls\hls_8_1759837237144\segment_002.ts", "TypeScript", 0, 0, 0, 0, 0, 15252, 0, 0, 0, 7642, 54, 22948
"d:\CV\Project-Web-Real-Madrid-V2\backend\uploads\hls\hls_8_1759837237144\segment_003.ts", "TypeScript", 0, 0, 0, 0, 0, 14209, 0, 0, 0, 4900, 50, 19159
"d:\CV\Project-Web-Real-Madrid-V2\backend\uploads\hls\hls_8_1759837237144\segment_004.ts", "TypeScript", 0, 0, 0, 0, 0, 13186, 0, 0, 0, 3718, 38, 16942
"d:\CV\Project-Web-Real-Madrid-V2\backend\uploads\hls\hls_8_1759837237144\segment_005.ts", "TypeScript", 0, 0, 0, 0, 0, 10739, 0, 0, 0, 4064, 36, 14839
"d:\CV\Project-Web-Real-Madrid-V2\backend\uploads\hls\hls_8_1759837237144\segment_006.ts", "TypeScript", 0, 0, 0, 0, 0, 15110, 0, 0, 0, 3283, 56, 18449
"d:\CV\Project-Web-Real-Madrid-V2\backend\uploads\hls\hls_8_1759837237144\segment_007.ts", "TypeScript", 0, 0, 0, 0, 0, 16331, 0, 0, 0, 6869, 66, 23266
"d:\CV\Project-Web-Real-Madrid-V2\backend\uploads\hls\hls_8_1759837237144\segment_008.ts", "TypeScript", 0, 0, 0, 0, 0, 8691, 0, 0, 0, 5439, 23, 14153
"d:\CV\Project-Web-Real-Madrid-V2\backend\uploads\hls\hls_8_1759837237144\segment_009.ts", "TypeScript", 0, 0, 0, 0, 0, 17345, 0, 0, 0, 4528, 60, 21933
"d:\CV\Project-Web-Real-Madrid-V2\backend\uploads\hls\hls_8_1759837237144\segment_010.ts", "TypeScript", 0, 0, 0, 0, 0, 1910, 0, 0, 0, 789, 4, 2703
"d:\CV\Project-Web-Real-Madrid-V2\backend\uploads\hls\hls_8_1759837237144\segment_011.ts", "TypeScript", 0, 0, 0, 0, 0, 7765, 0, 0, 0, 6469, 25, 14259
"d:\CV\Project-Web-Real-Madrid-V2\backend\uploads\hls\hls_8_1759837237144\segment_012.ts", "TypeScript", 0, 0, 0, 0, 0, 14672, 0, 0, 0, 7860, 62, 22594
"d:\CV\Project-Web-Real-Madrid-V2\backend\uploads\hls\hls_8_1759837237144\segment_013.ts", "TypeScript", 0, 0, 0, 0, 0, 15145, 0, 0, 0, 5661, 51, 20857
"d:\CV\Project-Web-Real-Madrid-V2\backend\uploads\hls\hls_8_1759837237144\segment_014.ts", "TypeScript", 0, 0, 0, 0, 0, 6793, 0, 0, 0, 3702, 31, 10526
"d:\CV\Project-Web-Real-Madrid-V2\backend\uploads\hls\hls_8_1759837237144\segment_015.ts", "TypeScript", 0, 0, 0, 0, 0, 9811, 0, 0, 0, 3491, 51, 13353
"d:\CV\Project-Web-Real-Madrid-V2\backend\uploads\hls\hls_8_1759837237144\segment_016.ts", "TypeScript", 0, 0, 0, 0, 0, 5504, 0, 0, 0, 2111, 16, 7631
"d:\CV\Project-Web-Real-Madrid-V2\backend\uploads\hls\hls_8_1759837237144\segment_017.ts", "TypeScript", 0, 0, 0, 0, 0, 18316, 0, 0, 0, 2000, 81, 20397
"d:\CV\Project-Web-Real-Madrid-V2\backend\uploads\hls\hls_8_1759837237144\segment_018.ts", "TypeScript", 0, 0, 0, 0, 0, 2737, 0, 0, 0, 355, 12, 3104
"d:\CV\Project-Web-Real-Madrid-V2\backend\uploads\hls\hls_9_1759837572728\segment_000.ts", "TypeScript", 0, 0, 0, 0, 0, 12606, 0, 0, 0, 4113, 51, 16770
"d:\CV\Project-Web-Real-Madrid-V2\backend\uploads\hls\hls_9_1759837572728\segment_001.ts", "TypeScript", 0, 0, 0, 0, 0, 5372, 0, 0, 0, 3433, 23, 8828
"d:\CV\Project-Web-Real-Madrid-V2\backend\uploads\hls\hls_9_1759837572728\segment_002.ts", "TypeScript", 0, 0, 0, 0, 0, 15333, 0, 0, 0, 7052, 64, 22449
"d:\CV\Project-Web-Real-Madrid-V2\backend\uploads\hls\hls_9_1759837572728\segment_003.ts", "TypeScript", 0, 0, 0, 0, 0, 12431, 0, 0, 0, 7462, 50, 19943
"d:\CV\Project-Web-Real-Madrid-V2\backend\uploads\hls\hls_9_1759837572728\segment_004.ts", "TypeScript", 0, 0, 0, 0, 0, 4753, 0, 0, 0, 4754, 13, 9520
"d:\CV\Project-Web-Real-Madrid-V2\frontend\.env", "Dotenv", 1, 0, 0, 0, 0, 0, 0, 0, 0, 1, 1, 3
"d:\CV\Project-Web-Real-Madrid-V2\frontend\README.md", "Markdown", 0, 0, 0, 0, 18, 0, 0, 0, 0, 0, 12, 30
"d:\CV\Project-Web-Real-Madrid-V2\frontend\index.html", "HTML", 0, 0, 0, 0, 0, 0, 0, 0, 13, 0, 4, 17
"d:\CV\Project-Web-Real-Madrid-V2\frontend\jsconfig.json", "JSON with Comments", 0, 0, 0, 0, 0, 0, 0, 8, 0, 0, 1, 9
"d:\CV\Project-Web-Real-Madrid-V2\frontend\package-lock.json", "JSON", 0, 0, 3448, 0, 0, 0, 0, 0, 0, 0, 1, 3449
"d:\CV\Project-Web-Real-Madrid-V2\frontend\package.json", "JSON", 0, 0, 27, 0, 0, 0, 0, 0, 0, 0, 1, 28
"d:\CV\Project-Web-Real-Madrid-V2\frontend\src\App.vue", "vue", 0, 0, 0, 36, 0, 0, 0, 0, 0, 4, 7, 47
"d:\CV\Project-Web-Real-Madrid-V2\frontend\src\assets\data\palmares.json", "JSON", 0, 0, 88, 0, 0, 0, 0, 0, 0, 0, 4, 92
"d:\CV\Project-Web-Real-Madrid-V2\frontend\src\components\FooterBar.vue", "vue", 0, 0, 0, 104, 0, 0, 0, 0, 0, 6, 18, 128
"d:\CV\Project-Web-Real-Madrid-V2\frontend\src\components\HlsPlayer.vue", "vue", 0, 0, 0, 59, 0, 0, 0, 0, 0, 0, 9, 68
"d:\CV\Project-Web-Real-Madrid-V2\frontend\src\components\MatchScoreboard.vue", "vue", 0, 0, 0, 90, 0, 0, 0, 0, 0, 7, 16, 113
"d:\CV\Project-Web-Real-Madrid-V2\frontend\src\components\MembershipCard.vue", "vue", 0, 0, 0, 141, 0, 0, 0, 0, 0, 4, 24, 169
"d:\CV\Project-Web-Real-Madrid-V2\frontend\src\components\NavBar.vue", "vue", 0, 0, 0, 231, 0, 0, 0, 0, 0, 16, 40, 287
"d:\CV\Project-Web-Real-Madrid-V2\frontend\src\components\NotificationBell.vue", "vue", 0, 0, 0, 47, 0, 0, 0, 0, 0, 1, 6, 54
"d:\CV\Project-Web-Real-Madrid-V2\frontend\src\components\SponsorsSection.vue", "vue", 0, 0, 0, 59, 0, 0, 0, 0, 0, 2, 6, 67
"d:\CV\Project-Web-Real-Madrid-V2\frontend\src\components\ToastHost.vue", "vue", 0, 0, 0, 20, 0, 0, 0, 0, 0, 0, 3, 23
"d:\CV\Project-Web-Real-Madrid-V2\frontend\src\composables\useToast.js", "JavaScript", 0, 11, 0, 0, 0, 0, 0, 0, 0, 1, 3, 15
"d:\CV\Project-Web-Real-Madrid-V2\frontend\src\main.js", "JavaScript", 0, 13, 0, 0, 0, 0, 0, 0, 0, 1, 3, 17
"d:\CV\Project-Web-Real-Madrid-V2\frontend\src\pages\CartDetail.vue", "vue", 0, 0, 0, 138, 0, 0, 0, 0, 0, 2, 16, 156
"d:\CV\Project-Web-Real-Madrid-V2\frontend\src\pages\Home.vue", "vue", 0, 0, 0, 1217, 0, 0, 0, 0, 0, 38, 153, 1408
"d:\CV\Project-Web-Real-Madrid-V2\frontend\src\pages\Login.vue", "vue", 0, 0, 0, 108, 0, 0, 0, 0, 0, 3, 11, 122
"d:\CV\Project-Web-Real-Madrid-V2\frontend\src\pages\MyTickets.vue", "vue", 0, 0, 0, 111, 0, 0, 0, 0, 0, 2, 11, 124
"d:\CV\Project-Web-Real-Madrid-V2\frontend\src\pages\News.vue", "vue", 0, 0, 0, 107, 0, 0, 0, 0, 0, 3, 14, 124
"d:\CV\Project-Web-Real-Madrid-V2\frontend\src\pages\NewsDetail.vue", "vue", 0, 0, 0, 64, 0, 0, 0, 0, 0, 0, 10, 74
"d:\CV\Project-Web-Real-Madrid-V2\frontend\src\pages\Register.vue", "vue", 0, 0, 0, 94, 0, 0, 0, 0, 0, 1, 11, 106
"d:\CV\Project-Web-Real-Madrid-V2\frontend\src\pages\Shop.vue", "vue", 0, 0, 0, 334, 0, 0, 0, 0, 0, 21, 47, 402
"d:\CV\Project-Web-Real-Madrid-V2\frontend\src\pages\Tickets.vue", "vue", 0, 0, 0, 219, 0, 0, 0, 0, 0, 3, 32, 254
"d:\CV\Project-Web-Real-Madrid-V2\frontend\src\pages\WalletBalance.vue", "vue", 0, 0, 0, 95, 0, 0, 0, 0, 0, 1, 11, 107
"d:\CV\Project-Web-Real-Madrid-V2\frontend\src\pages\admin\AdminDashboard.vue", "vue", 0, 0, 0, 182, 0, 0, 0, 0, 0, 12, 19, 213
"d:\CV\Project-Web-Real-Madrid-V2\frontend\src\pages\admin\HighlightsUpload.vue", "vue", 0, 0, 0, 139, 0, 0, 0, 0, 0, 1, 22, 162
"d:\CV\Project-Web-Real-Madrid-V2\frontend\src\pages\admin\ManageHighlights.vue", "vue", 0, 0, 0, 200, 0, 0, 0, 0, 0, 4, 14, 218
"d:\CV\Project-Web-Real-Madrid-V2\frontend\src\pages\admin\ManageMatches.vue", "vue", 0, 0, 0, 265, 0, 0, 0, 0, 0, 3, 26, 294
"d:\CV\Project-Web-Real-Madrid-V2\frontend\src\pages\admin\ManageNews.vue", "vue", 0, 0, 0, 237, 0, 0, 0, 0, 0, 7, 27, 271
"d:\CV\Project-Web-Real-Madrid-V2\frontend\src\pages\admin\ManageOrders.vue", "vue", 0, 0, 0, 237, 0, 0, 0, 0, 0, 2, 22, 261
"d:\CV\Project-Web-Real-Madrid-V2\frontend\src\pages\admin\ManagePlayers.vue", "vue", 0, 0, 0, 688, 0, 0, 0, 0, 0, 11, 78, 777
"d:\CV\Project-Web-Real-Madrid-V2\frontend\src\pages\admin\ManageProducts.vue", "vue", 0, 0, 0, 209, 0, 0, 0, 0, 0, 3, 23, 235
"d:\CV\Project-Web-Real-Madrid-V2\frontend\src\pages\admin\ManageTickets.vue", "vue", 0, 0, 0, 212, 0, 0, 0, 0, 0, 2, 21, 235
"d:\CV\Project-Web-Real-Madrid-V2\frontend\src\pages\admin\ManageUsers.vue", "vue", 0, 0, 0, 68, 0, 0, 0, 0, 0, 0, 8, 76
"d:\CV\Project-Web-Real-Madrid-V2\frontend\src\pages\admin\MatchForm.vue", "vue", 0, 0, 0, 228, 0, 0, 0, 0, 0, 9, 26, 263
"d:\CV\Project-Web-Real-Madrid-V2\frontend\src\pages\admin\wallet\AdminCashback.vue", "vue", 0, 0, 0, 39, 0, 0, 0, 0, 0, 0, 3, 42
"d:\CV\Project-Web-Real-Madrid-V2\frontend\src\pages\admin\wallet\AdminWithdrawals.vue", "vue", 0, 0, 0, 67, 0, 0, 0, 0, 0, 0, 7, 74
"d:\CV\Project-Web-Real-Madrid-V2\frontend\src\pages\highlights\HighlightDetail.vue", "vue", 0, 0, 0, 121, 0, 0, 0, 0, 0, 5, 18, 144
"d:\CV\Project-Web-Real-Madrid-V2\frontend\src\pages\highlights\HighlightsList.vue", "vue", 0, 0, 0, 95, 0, 0, 0, 0, 0, 0, 14, 109
"d:\CV\Project-Web-Real-Madrid-V2\frontend\src\pages\orders\MyOrders.vue", "vue", 0, 0, 0, 149, 0, 0, 0, 0, 0, 3, 18, 170
"d:\CV\Project-Web-Real-Madrid-V2\frontend\src\pages\orders\OrderDetail.vue", "vue", 0, 0, 0, 325, 0, 0, 0, 0, 0, 5, 42, 372
"d:\CV\Project-Web-Real-Madrid-V2\frontend\src\pages\palmares\Palmares.vue", "vue", 0, 0, 0, 31, 0, 0, 0, 0, 0, 0, 10, 41
"d:\CV\Project-Web-Real-Madrid-V2\frontend\src\pages\palmares\PalmaresList.vue", "vue", 0, 0, 0, 92, 0, 0, 0, 0, 0, 4, 17, 113
"d:\CV\Project-Web-Real-Madrid-V2\frontend\src\pages\palmares\PalmaresSummary.vue", "vue", 0, 0, 0, 77, 0, 0, 0, 0, 0, 1, 14, 92
"d:\CV\Project-Web-Real-Madrid-V2\frontend\src\pages\partners\Sponsors.vue", "vue", 0, 0, 0, 295, 0, 0, 0, 0, 0, 4, 23, 322
"d:\CV\Project-Web-Real-Madrid-V2\frontend\src\pages\pay\ProviderSandbox.vue", "vue", 0, 0, 0, 55, 0, 0, 0, 0, 0, 1, 11, 67
"d:\CV\Project-Web-Real-Madrid-V2\frontend\src\pages\players\PlayerDetail.vue", "vue", 0, 0, 0, 250, 0, 0, 0, 0, 0, 10, 32, 292
"d:\CV\Project-Web-Real-Madrid-V2\frontend\src\pages\players\Players.vue", "vue", 0, 0, 0, 255, 0, 0, 0, 0, 0, 12, 36, 303
"d:\CV\Project-Web-Real-Madrid-V2\frontend\src\pages\tickets\TicketOrderDetail.vue", "vue", 0, 0, 0, 142, 0, 0, 0, 0, 0, 1, 15, 158
"d:\CV\Project-Web-Real-Madrid-V2\frontend\src\pages\user\EditProfile.vue", "vue", 0, 0, 0, 116, 0, 0, 0, 0, 0, 1, 24, 141
"d:\CV\Project-Web-Real-Madrid-V2\frontend\src\pages\user\Membership.vue", "vue", 0, 0, 0, 59, 0, 0, 0, 0, 0, 0, 8, 67
"d:\CV\Project-Web-Real-Madrid-V2\frontend\src\pages\user\Profile.vue", "vue", 0, 0, 0, 285, 0, 0, 0, 0, 0, 7, 37, 329
"d:\CV\Project-Web-Real-Madrid-V2\frontend\src\router\index.js", "JavaScript", 0, 198, 0, 0, 0, 0, 0, 0, 0, 19, 17, 234
"d:\CV\Project-Web-Real-Madrid-V2\frontend\src\services\api.js", "JavaScript", 0, 54, 0, 0, 0, 0, 0, 0, 0, 6, 12, 72
"d:\CV\Project-Web-Real-Madrid-V2\frontend\src\services\assets.js", "JavaScript", 0, 95, 0, 0, 0, 0, 0, 0, 0, 17, 20, 132
"d:\CV\Project-Web-Real-Madrid-V2\frontend\src\services\highlights.js", "JavaScript", 0, 19, 0, 0, 0, 0, 0, 0, 0, 10, 6, 35
"d:\CV\Project-Web-Real-Madrid-V2\frontend\src\store\auth.js", "JavaScript", 0, 32, 0, 0, 0, 0, 0, 0, 0, 2, 4, 38
"d:\CV\Project-Web-Real-Madrid-V2\frontend\src\store\cart.js", "JavaScript", 0, 70, 0, 0, 0, 0, 0, 0, 0, 3, 2, 75
"d:\CV\Project-Web-Real-Madrid-V2\frontend\src\store\orders.js", "JavaScript", 0, 46, 0, 0, 0, 0, 0, 0, 0, 1, 2, 49
"d:\CV\Project-Web-Real-Madrid-V2\frontend\vite.config.js", "JavaScript", 0, 15, 0, 0, 0, 0, 0, 0, 0, 2, 3, 20
"d:\CV\Project-Web-Real-Madrid-V2\package-lock.json", "JSON", 0, 0, 1685, 0, 0, 0, 0, 0, 0, 0, 1, 1686
"d:\CV\Project-Web-Real-Madrid-V2\package.json", "JSON", 0, 0, 23, 0, 0, 0, 0, 0, 0, 0, 1, 24
"Total", "-", 34, 5850, 8802, 8392, 18, 3827609, 613, 8, 13, 1489241, 15314, 5355894